id,difficulty,n_hidden,att_random_expected,att_given_order,att_reverse_order,truth_equals_given_order,impacts_all_tied,impacts_any_tie,all_impacts_zero,strict_pairs,strict_pairs_earlier_label_higher_impact,hidden_rule_indices
IF-medium-7a878950,medium,2,0.500000,0.000000,1.000000,False,False,False,False,1,0,"2,3"
IF-easy-059f963d,easy,1,0.600000,0.600000,0.600000,True,False,False,False,0,0,2
IF-medium-2731c6ff,medium,2,0.500000,1.000000,0.000000,True,True,True,True,0,0,"1,4"
IF-easy-51838415,easy,1,0.600000,0.600000,0.600000,True,False,False,False,0,0,3
IF-medium-2262d5bf,medium,2,0.500000,0.000000,1.000000,False,False,False,False,1,0,"0,4"
IF-hard-06ce2aae,hard,3,0.500000,0.666667,0.333333,False,False,True,False,2,1,"2,3,5"
IF-medium-1aeb50c8,medium,2,0.500000,0.000000,1.000000,False,False,False,False,1,0,"1,3"
IF-medium-644f7ae9,medium,2,0.500000,1.000000,0.000000,True,True,True,True,0,0,"1,2"
IF-easy-17840d5e,easy,1,0.600000,0.600000,0.600000,True,False,False,False,0,0,3
IF-easy-2b0d86d4,easy,1,0.600000,0.600000,0.600000,True,False,False,False,0,0,0
IF-medium-4144498c,medium,2,0.500000,1.000000,0.000000,True,False,False,False,1,1,"1,2"
IF-hard-04ab140e,hard,3,0.500000,0.000000,1.000000,False,False,False,False,3,0,"2,3,5"
IF-hard-0bd313ac,hard,3,0.500000,0.333333,0.666667,False,False,False,False,3,1,"0,4,5"
IF-medium-123544bf,medium,2,0.500000,1.000000,0.000000,True,True,True,False,0,0,"1,2"
IF-easy-1ea300b9,easy,1,0.600000,0.600000,0.600000,True,False,False,False,0,0,2
IF-hard-55bce35d,hard,3,0.500000,0.666667,0.333333,False,False,True,False,2,1,"0,2,5"
IF-medium-273a454d,medium,2,0.500000,1.000000,0.000000,True,False,False,False,1,1,"2,4"
IF-hard-4e99b1d4,hard,3,0.500000,1.000000,0.000000,True,True,True,True,0,0,"0,1,4"
IF-medium-78851890,medium,2,0.500000,1.000000,0.000000,True,False,False,False,1,1,"1,3"
IF-hard-3df43939,hard,3,0.500000,1.000000,0.000000,True,True,True,True,0,0,"0,1,4"
IF-medium-527f3b9a,medium,2,0.500000,1.000000,0.000000,True,False,False,False,1,1,"3,4"
IF-hard-77faa448,hard,3,0.500000,1.000000,0.000000,True,True,True,True,0,0,"2,4,5"
IF-medium-3e168259,medium,2,0.500000,1.000000,0.000000,True,False,False,False,1,1,"0,4"
IF-easy-6668ed40,easy,1,0.600000,0.600000,0.600000,True,False,False,False,0,0,2
IF-medium-3d09dbf2,medium,2,0.500000,0.000000,1.000000,False,False,False,False,1,0,"0,2"
IF-medium-5007b405,medium,2,0.500000,0.000000,1.000000,False,False,False,False,1,0,"0,1"
IF-easy-6b3ae0ee,easy,1,0.600000,0.600000,0.600000,True,False,False,False,0,0,3
IF-hard-0a919c73,hard,3,0.500000,0.333333,0.666667,False,False,True,False,2,0,"1,3,5"
IF-medium-7d2c18ec,medium,2,0.500000,1.000000,0.000000,True,True,True,True,0,0,"1,2"
IF-hard-3fccf89c,hard,3,0.500000,1.000000,0.000000,True,False,True,False,2,2,"2,4,5"
IF-medium-2f2d612a,medium,2,0.500000,0.000000,1.000000,False,False,False,False,1,0,"1,2"
IF-medium-704309dc,medium,2,0.500000,1.000000,0.000000,True,False,False,False,1,1,"0,2"
IF-medium-30484c9f,medium,2,0.500000,0.000000,1.000000,False,False,False,False,1,0,"0,2"
IF-easy-1d1c91e3,easy,1,0.600000,0.600000,0.600000,True,False,False,False,0,0,0
IF-easy-79ef801b,easy,1,0.600000,0.600000,0.600000,True,False,False,False,0,0,1
IF-medium-61b1c6f2,medium,2,0.500000,1.000000,0.000000,True,False,False,False,1,1,"3,4"
IF-medium-7b9b3410,medium,2,0.500000,1.000000,0.000000,True,False,False,False,1,1,"0,4"
IF-medium-042f7867,medium,2,0.500000,0.000000,1.000000,False,False,False,False,1,0,"1,3"
IF-hard-7fbb836c,hard,3,0.500000,0.333333,0.666667,False,False,True,False,2,0,"1,2,5"
IF-easy-37f3ebfc,easy,1,0.600000,0.600000,0.600000,True,False,False,False,0,0,3
IF-hard-627d12f9,hard,3,0.500000,1.000000,0.000000,True,False,True,False,2,2,"0,4,5"
IF-medium-08b6f768,medium,2,0.500000,1.000000,0.000000,True,True,True,True,0,0,"0,3"
IF-hard-7725d85c,hard,3,0.500000,1.000000,0.000000,True,False,True,False,2,2,"2,3,4"
IF-medium-23e9eb54,medium,2,0.500000,1.000000,0.000000,True,False,False,False,1,1,"2,3"
IF-medium-4b6fa573,medium,2,0.500000,1.000000,0.000000,True,False,False,False,1,1,"0,2"
IF-medium-3db48829,medium,2,0.500000,0.000000,1.000000,False,False,False,False,1,0,"1,2"
IF-medium-505a3117,medium,2,0.500000,1.000000,0.000000,True,False,False,False,1,1,"0,1"
IF-easy-446e48af,easy,1,0.600000,0.600000,0.600000,True,False,False,False,0,0,1
IF-easy-6e84840c,easy,1,0.600000,0.600000,0.600000,True,False,False,False,0,0,2
IF-hard-06bb72f7,hard,3,0.500000,1.000000,0.000000,True,True,True,True,0,0,"0,2,5"
IF-easy-5a7cfed7,easy,1,0.600000,0.600000,0.600000,True,False,False,False,0,0,1
IF-hard-2a9695db,hard,3,0.500000,0.000000,1.000000,False,False,False,False,3,0,"0,1,5"
IF-hard-1f46528e,hard,3,0.500000,0.666667,0.333333,False,False,True,False,2,1,"0,1,4"
IF-hard-5e55288f,hard,3,0.500000,0.333333,0.666667,False,False,True,False,2,0,"1,2,3"
IF-medium-378055fa,medium,2,0.500000,1.000000,0.000000,True,False,False,False,1,1,"1,4"
IF-medium-13737a12,medium,2,0.500000,1.000000,0.000000,True,True,True,True,0,0,"1,2"
IF-medium-2b893b4b,medium,2,0.500000,1.000000,0.000000,True,True,True,True,0,0,"1,2"
IF-medium-7510c361,medium,2,0.500000,0.000000,1.000000,False,False,False,False,1,0,"1,4"
IF-hard-67c851c7,hard,3,0.500000,1.000000,0.000000,True,False,False,False,3,3,"2,3,5"
IF-easy-1c6e5e65,easy,1,0.600000,0.600000,0.600000,True,False,False,False,0,0,3
IF-medium-1b0c6bb0,medium,2,0.500000,1.000000,0.000000,True,True,True,True,0,0,"1,4"
IF-easy-6a797f9d,easy,1,0.600000,0.600000,0.600000,True,False,False,False,0,0,2
IF-medium-66a27c00,medium,2,0.500000,1.000000,0.000000,True,False,False,False,1,1,"0,2"
IF-hard-017a3ad8,hard,3,0.500000,0.666667,0.333333,False,False,False,False,3,2,"1,2,3"
IF-hard-3e8b7985,hard,3,0.500000,1.000000,0.000000,True,False,True,False,2,2,"2,3,5"
IF-hard-325737a8,hard,3,0.500000,0.333333,0.666667,False,False,False,False,3,1,"1,3,5"
IF-medium-0d15bba5,medium,2,0.500000,1.000000,0.000000,True,True,True,True,0,0,"1,3"
IF-easy-433ee1a0,easy,1,0.600000,0.600000,0.600000,True,False,False,False,0,0,3
IF-medium-2b4366b3,medium,2,0.500000,0.000000,1.000000,False,False,False,False,1,0,"1,3"
IF-medium-443214a7,medium,2,0.500000,1.000000,0.000000,True,True,True,True,0,0,"0,4"
IF-medium-5fce192e,medium,2,0.500000,1.000000,0.000000,True,False,False,False,1,1,"0,2"
IF-easy-15a535f1,easy,1,0.600000,0.600000,0.600000,True,False,False,False,0,0,0
IF-easy-415e9e83,easy,1,0.600000,0.600000,0.600000,True,False,False,False,0,0,1
IF-hard-2ae9da1f,hard,3,0.500000,1.000000,0.000000,True,True,True,True,0,0,"0,2,4"
IF-easy-094de00b,easy,1,0.600000,0.600000,0.600000,True,False,False,False,0,0,2
IF-medium-37f30b26,medium,2,0.500000,1.000000,0.000000,True,False,False,False,1,1,"0,2"
IF-medium-1d9dd133,medium,2,0.500000,1.000000,0.000000,True,True,True,True,0,0,"1,2"
IF-medium-72888c53,medium,2,0.500000,0.000000,1.000000,False,False,False,False,1,0,"1,4"
IF-medium-091b59fe,medium,2,0.500000,1.000000,0.000000,True,False,False,False,1,1,"0,1"
IF-medium-5b0d1e48,medium,2,0.500000,1.000000,0.000000,True,True,True,True,0,0,"2,4"
IF-hard-778bcd50,hard,3,0.500000,0.666667,0.333333,False,False,True,False,2,1,"2,3,5"
IF-easy-08dfae47,easy,1,0.600000,0.600000,0.600000,True,False,False,False,0,0,2
IF-hard-30a40f85,hard,3,0.500000,0.666667,0.333333,False,False,True,False,2,1,"1,3,4"
IF-easy-7b40fec6,easy,1,0.600000,0.600000,0.600000,True,False,False,False,0,0,2
IF-medium-0c092219,medium,2,0.500000,1.000000,0.000000,True,True,True,True,0,0,"1,2"
IF-medium-4a939d45,medium,2,0.500000,1.000000,0.000000,True,True,True,True,0,0,"1,4"
IF-medium-1751a691,medium,2,0.500000,1.000000,0.000000,True,True,True,True,0,0,"0,4"
IF-medium-2b1872cb,medium,2,0.500000,1.000000,0.000000,True,False,False,False,1,1,"1,4"
IF-medium-10c52dcf,medium,2,0.500000,1.000000,0.000000,True,True,True,True,0,0,"1,4"
IF-medium-4774948c,medium,2,0.500000,0.000000,1.000000,False,False,False,False,1,0,"2,3"
IF-hard-3460a442,hard,3,0.500000,1.000000,0.000000,True,True,True,True,0,0,"3,4,5"
IF-easy-01de9900,easy,1,0.600000,0.600000,0.600000,True,False,False,False,0,0,3
IF-easy-497254cb,easy,1,0.600000,0.600000,0.600000,True,False,False,False,0,0,3
IF-medium-0b29ae83,medium,2,0.500000,1.000000,0.000000,True,False,False,False,1,1,"0,2"
IF-medium-78ac8ae6,medium,2,0.500000,0.000000,1.000000,False,False,False,False,1,0,"0,4"
IF-medium-42643855,medium,2,0.500000,1.000000,0.000000,True,True,True,True,0,0,"2,3"
IF-medium-1241750c,medium,2,0.500000,1.000000,0.000000,True,True,True,True,0,0,"3,4"
IF-hard-2ae796b5,hard,3,0.500000,0.333333,0.666667,False,False,True,False,2,0,"1,3,5"
IF-easy-3cecd160,easy,1,0.600000,0.600000,0.600000,True,False,False,False,0,0,3
IF-medium-7ec9cb84,medium,2,0.500000,1.000000,0.000000,True,True,True,True,0,0,"2,3"
IF-hard-0da006fb,hard,3,0.500000,1.000000,0.000000,True,True,True,True,0,0,"1,4,5"
IF-medium-5a1d7db6,medium,2,0.500000,0.000000,1.000000,False,False,False,False,1,0,"2,4"
IF-easy-3a7192c1,easy,1,0.600000,0.600000,0.600000,True,False,False,False,0,0,1
IF-medium-649a57a2,medium,2,0.500000,0.000000,1.000000,False,False,False,False,1,0,"1,2"
IF-hard-76ca39b1,hard,3,0.500000,0.333333,0.666667,False,False,False,False,3,1,"0,4,5"
IF-medium-1663d74c,medium,2,0.500000,1.000000,0.000000,True,False,False,False,1,1,"1,4"
IF-easy-3e068813,easy,1,0.600000,0.600000,0.600000,True,False,False,False,0,0,3
IF-medium-080cb162,medium,2,0.500000,1.000000,0.000000,True,True,True,True,0,0,"2,4"
IF-hard-03df9b62,hard,3,0.500000,1.000000,0.000000,True,True,True,True,0,0,"0,3,5"
IF-medium-69db8679,medium,2,0.500000,1.000000,0.000000,True,False,False,False,1,1,"0,4"
IF-medium-62c63adf,medium,2,0.500000,1.000000,0.000000,True,False,False,False,1,1,"0,1"
IF-hard-16e13413,hard,3,0.500000,0.666667,0.333333,False,False,False,False,3,2,"2,3,5"
IF-hard-70ee17e3,hard,3,0.500000,1.000000,0.000000,True,False,False,False,3,3,"1,3,4"
IF-easy-2db03c59,easy,1,0.600000,0.600000,0.600000,True,False,False,False,0,0,1
IF-easy-2bec3194,easy,1,0.600000,0.600000,0.600000,True,False,False,False,0,0,1
IF-hard-3ca48c30,hard,3,0.500000,0.333333,0.666667,False,False,True,False,2,0,"0,1,3"
IF-medium-2a228326,medium,2,0.500000,1.000000,0.000000,True,True,True,True,0,0,"1,3"
IF-medium-33097a07,medium,2,0.500000,0.000000,1.000000,False,False,False,False,1,0,"1,3"
IF-hard-564ba8a3,hard,3,0.500000,0.666667,0.333333,False,False,True,False,2,1,"1,3,5"
IF-medium-665b42a3,medium,2,0.500000,1.000000,0.000000,True,True,True,True,0,0,"0,4"
IF-medium-4767d370,medium,2,0.500000,0.000000,1.000000,False,False,False,False,1,0,"1,3"
IF-hard-2b3e12cb,hard,3,0.500000,1.000000,0.000000,True,True,True,True,0,0,"3,4,5"
IF-hard-77d605e8,hard,3,0.500000,0.000000,1.000000,False,False,False,False,3,0,"0,4,5"
IF-medium-17a88dd6,medium,2,0.500000,0.000000,1.000000,False,False,False,False,1,0,"1,2"
IF-medium-04d96248,medium,2,0.500000,0.000000,1.000000,False,False,False,False,1,0,"1,2"
IF-easy-58260a30,easy,1,0.600000,0.600000,0.600000,True,False,False,False,0,0,3
IF-medium-13065403,medium,2,0.500000,1.000000,0.000000,True,True,True,True,0,0,"1,3"
IF-medium-215ac634,medium,2,0.500000,1.000000,0.000000,True,True,True,True,0,0,"2,3"
IF-hard-3e42e338,hard,3,0.500000,0.333333,0.666667,False,False,False,False,3,1,"0,3,5"
IF-medium-796fb3ef,medium,2,0.500000,0.000000,1.000000,False,False,False,False,1,0,"0,2"
IF-hard-2623d537,hard,3,0.500000,1.000000,0.000000,True,False,False,False,3,3,"0,3,4"
IF-medium-52886663,medium,2,0.500000,0.000000,1.000000,False,False,False,False,1,0,"0,1"
IF-medium-2cfb16e6,medium,2,0.500000,1.000000,0.000000,True,False,False,False,1,1,"0,4"
IF-easy-7eb6de01,easy,1,0.600000,0.600000,0.600000,True,False,False,False,0,0,1
IF-medium-1d88e652,medium,2,0.500000,1.000000,0.000000,True,True,True,True,0,0,"0,4"
IF-easy-2380ff92,easy,1,0.600000,0.600000,0.600000,True,False,False,False,0,0,1
IF-medium-0062c542,medium,2,0.500000,1.000000,0.000000,True,True,True,True,0,0,"3,4"
IF-medium-6129bdeb,medium,2,0.500000,1.000000,0.000000,True,True,True,True,0,0,"0,3"
IF-medium-16ef58ce,medium,2,0.500000,1.000000,0.000000,True,False,False,False,1,1,"0,4"
IF-medium-7f7e2998,medium,2,0.500000,1.000000,0.000000,True,False,False,False,1,1,"0,1"
IF-medium-6b2b49c6,medium,2,0.500000,1.000000,0.000000,True,True,True,True,0,0,"2,4"
IF-hard-56af27ab,hard,3,0.500000,0.666667,0.333333,False,False,False,False,3,2,"0,1,5"
IF-medium-5b205ee1,medium,2,0.500000,1.000000,0.000000,True,True,True,True,0,0,"0,1"
IF-medium-154dfd6d,medium,2,0.500000,1.000000,0.000000,True,True,True,True,0,0,"0,3"
IF-easy-05611673,easy,1,0.600000,0.600000,0.600000,True,False,False,False,0,0,3
IF-hard-40960cf9,hard,3,0.500000,0.333333,0.666667,False,False,True,False,2,0,"1,3,5"
IF-hard-3ced2681,hard,3,0.500000,0.666667,0.333333,False,False,False,False,3,2,"1,3,4"
IF-easy-1d96bf66,easy,1,0.600000,0.600000,0.600000,True,False,False,False,0,0,0
IF-easy-6092d29a,easy,1,0.600000,0.600000,0.600000,True,False,False,False,0,0,1
IF-medium-3ea87f15,medium,2,0.500000,1.000000,0.000000,True,True,True,True,0,0,"1,3"
IF-hard-4dc1de06,hard,3,0.500000,0.666667,0.333333,False,False,False,False,3,2,"0,3,4"
IF-hard-2dfcdeaf,hard,3,0.500000,0.666667,0.333333,False,False,False,False,3,2,"1,2,5"
IF-hard-4e8f7fe2,hard,3,0.500000,0.333333,0.666667,False,False,True,False,2,0,"2,4,5"
IF-easy-02af2ef5,easy,1,0.600000,0.600000,0.600000,True,False,False,False,0,0,2
IF-medium-074f30ec,medium,2,0.500000,0.000000,1.000000,False,False,False,False,1,0,"0,1"
IF-medium-57b16995,medium,2,0.500000,0.000000,1.000000,False,False,False,False,1,0,"1,4"
IF-medium-2ceeed8c,medium,2,0.500000,1.000000,0.000000,True,True,True,True,0,0,"1,4"
IF-hard-754b82d3,hard,3,0.500000,1.000000,0.000000,True,True,True,True,0,0,"1,2,3"
IF-medium-18da990c,medium,2,0.500000,0.000000,1.000000,False,False,False,False,1,0,"1,4"
IF-medium-3e1e8bd8,medium,2,0.500000,1.000000,0.000000,True,True,True,True,0,0,"0,4"
IF-hard-78b1cb6c,hard,3,0.500000,0.333333,0.666667,False,False,True,False,2,0,"1,2,5"
IF-medium-28bd454e,medium,2,0.500000,1.000000,0.000000,True,True,True,True,0,0,"0,4"
IF-medium-7a65e4e4,medium,2,0.500000,1.000000,0.000000,True,True,True,True,0,0,"1,2"
IF-medium-1cf65d21,medium,2,0.500000,1.000000,0.000000,True,True,True,True,0,0,"3,4"
IF-medium-1148da69,medium,2,0.500000,1.000000,0.000000,True,True,True,True,0,0,"0,4"
IF-medium-208e7c04,medium,2,0.500000,1.000000,0.000000,True,True,True,True,0,0,"1,2"
IF-easy-0104a2ff,easy,1,0.600000,0.600000,0.600000,True,False,False,False,0,0,3
IF-medium-4fa33e0e,medium,2,0.500000,0.000000,1.000000,False,False,False,False,1,0,"0,4"
IF-medium-25cb4dc5,medium,2,0.500000,0.000000,1.000000,False,False,False,False,1,0,"2,3"
IF-easy-685fcb50,easy,1,0.600000,0.600000,0.600000,True,False,False,False,0,0,3
IF-medium-40868dcb,medium,2,0.500000,0.000000,1.000000,False,False,False,False,1,0,"1,4"
IF-medium-0531b3ae,medium,2,0.500000,1.000000,0.000000,True,False,False,False,1,1,"1,4"
IF-hard-71be4d88,hard,3,0.500000,0.666667,0.333333,False,False,True,False,2,1,"2,4,5"
IF-medium-4ba535db,medium,2,0.500000,1.000000,0.000000,True,True,True,True,0,0,"1,4"
IF-medium-268b6be9,medium,2,0.500000,0.000000,1.000000,False,False,False,False,1,0,"0,2"
IF-medium-61924ddf,medium,2,0.500000,1.000000,0.000000,True,False,False,False,1,1,"0,4"
IF-medium-01484051,medium,2,0.500000,1.000000,0.000000,True,False,False,False,1,1,"1,2"
IF-medium-71af2650,medium,2,0.500000,1.000000,0.000000,True,True,True,True,0,0,"0,3"
IF-medium-1f19c99c,medium,2,0.500000,1.000000,0.000000,True,False,False,False,1,1,"1,4"
IF-medium-18a2be86,medium,2,0.500000,1.000000,0.000000,True,True,True,True,0,0,"0,1"
IF-easy-3a387293,easy,1,0.600000,0.600000,0.600000,True,False,False,False,0,0,2
IF-hard-5323873c,hard,3,0.500000,0.333333,0.666667,False,False,True,False,2,0,"2,3,4"
IF-medium-719f9c8b,medium,2,0.500000,1.000000,0.000000,True,False,False,False,1,1,"2,4"
IF-hard-117943c6,hard,3,0.500000,0.666667,0.333333,False,False,True,False,2,1,"2,4,5"
IF-medium-629cdb8f,medium,2,0.500000,0.000000,1.000000,False,False,False,False,1,0,"3,4"
IF-medium-4611fa58,medium,2,0.500000,1.000000,0.000000,True,False,False,False,1,1,"2,3"
IF-hard-7053ce0b,hard,3,0.500000,0.333333,0.666667,False,False,True,False,2,0,"0,1,5"
IF-easy-71aa6f4b,easy,1,0.600000,0.600000,0.600000,True,False,False,False,0,0,3
IF-easy-4c22499d,easy,1,0.600000,0.600000,0.600000,True,False,False,False,0,0,0
IF-hard-403be948,hard,3,0.500000,0.666667,0.333333,False,False,True,False,2,1,"2,3,4"
IF-hard-72299ee2,hard,3,0.500000,1.000000,0.000000,True,False,True,False,2,2,"1,2,3"
IF-medium-6912b372,medium,2,0.500000,1.000000,0.000000,True,False,False,False,1,1,"0,3"
IF-medium-78312688,medium,2,0.500000,1.000000,0.000000,True,False,False,False,1,1,"0,4"
IF-medium-4be3bcf2,medium,2,0.500000,1.000000,0.000000,True,True,True,True,0,0,"0,4"
IF-easy-502a93b6,easy,1,0.600000,0.600000,0.600000,True,False,False,False,0,0,3
IF-easy-2b0c044d,easy,1,0.600000,0.600000,0.600000,True,False,False,False,0,0,3
IF-easy-1a06703f,easy,1,0.600000,0.600000,0.600000,True,False,False,False,0,0,2
IF-medium-07d7ba06,medium,2,0.500000,1.000000,0.000000,True,True,True,True,0,0,"0,3"
IF-medium-345f2a12,medium,2,0.500000,1.000000,0.000000,True,True,True,True,0,0,"2,4"
IF-easy-369c8a50,easy,1,0.600000,0.600000,0.600000,True,False,False,False,0,0,0
IF-medium-4b62275f,medium,2,0.500000,0.000000,1.000000,False,False,False,False,1,0,"0,2"
IF-hard-674352dd,hard,3,0.500000,1.000000,0.000000,True,False,True,False,2,2,"0,3,5"
IF-easy-398faf3a,easy,1,0.600000,0.600000,0.600000,True,False,False,False,0,0,1
IF-easy-534f7317,easy,1,0.600000,0.600000,0.600000,True,False,False,False,0,0,3
IF-medium-2a76f010,medium,2,0.500000,0.000000,1.000000,False,False,False,False,1,0,"0,1"
IF-medium-19fc5798,medium,2,0.500000,1.000000,0.000000,True,True,True,True,0,0,"0,3"
IF-easy-3ad7439a,easy,1,0.600000,0.600000,0.600000,True,False,False,False,0,0,3
IF-easy-6299fc6c,easy,1,0.600000,0.600000,0.600000,True,False,False,False,0,0,1
IF-hard-20e2098d,hard,3,0.500000,0.666667,0.333333,False,False,True,False,2,1,"2,3,5"
IF-easy-55d23105,easy,1,0.600000,0.600000,0.600000,True,False,False,False,0,0,1
IF-easy-6504ebea,easy,1,0.600000,0.600000,0.600000,True,False,False,False,0,0,1
IF-medium-352991ba,medium,2,0.500000,1.000000,0.000000,True,False,False,False,1,1,"0,3"
IF-easy-4d8984a3,easy,1,0.600000,0.600000,0.600000,True,False,False,False,0,0,0
IF-medium-60c7007e,medium,2,0.500000,1.000000,0.000000,True,True,True,True,0,0,"0,3"
IF-hard-437ef300,hard,3,0.500000,1.000000,0.000000,True,False,True,False,2,2,"1,2,5"
IF-hard-58fe9057,hard,3,0.500000,1.000000,0.000000,True,True,True,True,0,0,"2,3,4"
IF-medium-73c05765,medium,2,0.500000,1.000000,0.000000,True,True,True,True,0,0,"2,4"
IF-hard-3e18c088,hard,3,0.500000,1.000000,0.000000,True,True,True,True,0,0,"0,2,4"
IF-hard-2cf5e806,hard,3,0.500000,0.666667,0.333333,False,False,False,False,3,2,"1,3,4"
IF-hard-4d517c7a,hard,3,0.500000,0.333333,0.666667,False,False,True,False,2,0,"1,3,4"
IF-easy-09963085,easy,1,0.600000,0.600000,0.600000,True,False,False,False,0,0,0
IF-hard-32051957,hard,3,0.500000,0.333333,0.666667,False,False,False,False,3,1,"0,1,3"
IF-hard-4ce06bdf,hard,3,0.500000,1.000000,0.000000,True,False,False,False,3,3,"0,2,3"
IF-hard-2b7a3cf0,hard,3,0.500000,0.666667,0.333333,False,False,True,False,2,1,"0,2,4"
IF-medium-6e35de9d,medium,2,0.500000,1.000000,0.000000,True,True,True,True,0,0,"1,2"
IF-easy-200259f8,easy,1,0.600000,0.600000,0.600000,True,False,False,False,0,0,3
IF-medium-71e04d0f,medium,2,0.500000,1.000000,0.000000,True,False,False,False,1,1,"1,4"
IF-medium-600a0dc0,medium,2,0.500000,1.000000,0.000000,True,False,False,False,1,1,"2,4"
IF-medium-7f3491b9,medium,2,0.500000,0.000000,1.000000,False,False,False,False,1,0,"0,4"
IF-easy-0f260a37,easy,1,0.600000,0.600000,0.600000,True,False,False,False,0,0,3
IF-medium-4e9fe834,medium,2,0.500000,1.000000,0.000000,True,True,True,True,0,0,"0,1"
IF-medium-0941e6de,medium,2,0.500000,1.000000,0.000000,True,False,False,False,1,1,"1,4"
IF-medium-56627387,medium,2,0.500000,1.000000,0.000000,True,True,True,True,0,0,"1,3"
IF-medium-4c463afb,medium,2,0.500000,1.000000,0.000000,True,False,False,False,1,1,"1,2"
IF-hard-69fd7f44,hard,3,0.500000,1.000000,0.000000,True,True,True,True,0,0,"0,1,3"
IF-easy-39cff723,easy,1,0.600000,0.600000,0.600000,True,False,False,False,0,0,3
IF-medium-491b108f,medium,2,0.500000,0.000000,1.000000,False,False,False,False,1,0,"2,4"
IF-medium-59a4d80e,medium,2,0.500000,0.000000,1.000000,False,False,False,False,1,0,"3,4"
IF-easy-59c90139,easy,1,0.600000,0.600000,0.600000,True,False,False,False,0,0,3
IF-hard-63b87d78,hard,3,0.500000,0.666667,0.333333,False,False,True,False,2,1,"0,1,5"
IF-medium-38761b7c,medium,2,0.500000,1.000000,0.000000,True,True,True,True,0,0,"3,4"
IF-medium-0374b64b,medium,2,0.500000,1.000000,0.000000,True,False,False,False,1,1,"0,2"
IF-easy-6bd8e83a,easy,1,0.600000,0.600000,0.600000,True,False,False,False,0,0,3
IF-medium-6de42594,medium,2,0.500000,1.000000,0.000000,True,True,True,True,0,0,"1,3"
IF-easy-632d5714,easy,1,0.600000,0.600000,0.600000,True,False,False,False,0,0,1
IF-medium-5d3c9ce7,medium,2,0.500000,1.000000,0.000000,True,True,True,True,0,0,"1,2"
IF-easy-3e7705c8,easy,1,0.600000,0.600000,0.600000,True,False,False,False,0,0,0
IF-medium-60bec907,medium,2,0.500000,1.000000,0.000000,True,True,True,True,0,0,"0,2"
IF-easy-5b31c2c6,easy,1,0.600000,0.600000,0.600000,True,False,False,False,0,0,2
IF-easy-07758dc8,easy,1,0.600000,0.600000,0.600000,True,False,False,False,0,0,0
IF-medium-1b63bb4d,medium,2,0.500000,1.000000,0.000000,True,True,True,True,0,0,"0,4"
IF-medium-3c72aeb0,medium,2,0.500000,1.000000,0.000000,True,False,False,False,1,1,"1,4"
IF-medium-371e40bf,medium,2,0.500000,1.000000,0.000000,True,False,False,False,1,1,"0,1"
IF-easy-2cc11466,easy,1,0.600000,0.600000,0.600000,True,False,False,False,0,0,3
IF-easy-7d9357c3,easy,1,0.600000,0.600000,0.600000,True,False,False,False,0,0,2
IF-easy-64c2ce6b,easy,1,0.600000,0.600000,0.600000,True,False,False,False,0,0,0
IF-medium-790edbc8,medium,2,0.500000,1.000000,0.000000,True,True,True,True,0,0,"0,3"
IF-easy-28448908,easy,1,0.600000,0.600000,0.600000,True,False,False,False,0,0,2
IF-medium-6f797e3e,medium,2,0.500000,1.000000,0.000000,True,True,True,True,0,0,"0,2"
IF-medium-3083c0d7,medium,2,0.500000,1.000000,0.000000,True,True,True,True,0,0,"2,3"
IF-medium-5fbe16a9,medium,2,0.500000,0.000000,1.000000,False,False,False,False,1,0,"1,3"
IF-hard-07f478d7,hard,3,0.500000,0.666667,0.333333,False,False,True,False,2,1,"1,2,3"
IF-medium-15a6fd41,medium,2,0.500000,0.000000,1.000000,False,False,False,False,1,0,"0,4"
IF-medium-19fbcf5c,medium,2,0.500000,0.000000,1.000000,False,False,False,False,1,0,"3,4"
IF-medium-1deeb9f3,medium,2,0.500000,0.000000,1.000000,False,False,False,False,1,0,"1,3"
IF-medium-37a41337,medium,2,0.500000,1.000000,0.000000,True,True,True,True,0,0,"1,2"
IF-medium-65c57560,medium,2,0.500000,1.000000,0.000000,True,False,False,False,1,1,"2,4"
IF-medium-1f850e07,medium,2,0.500000,0.000000,1.000000,False,False,False,False,1,0,"3,4"
IF-medium-7515d9ef,medium,2,0.500000,0.000000,1.000000,False,False,False,False,1,0,"0,1"
IF-easy-58d5a0f7,easy,1,0.600000,0.600000,0.600000,True,False,False,False,0,0,0
IF-hard-19350059,hard,3,0.500000,0.666667,0.333333,False,False,True,False,2,1,"0,2,3"
IF-medium-6a96cf7e,medium,2,0.500000,1.000000,0.000000,True,True,True,True,0,0,"1,2"
IF-medium-3c295d1b,medium,2,0.500000,0.000000,1.000000,False,False,False,False,1,0,"0,3"
IF-medium-5239e5bb,medium,2,0.500000,1.000000,0.000000,True,False,False,False,1,1,"0,2"
IF-hard-4f83d975,hard,3,0.500000,1.000000,0.000000,True,False,False,False,3,3,"1,2,3"
IF-medium-00e164e8,medium,2,0.500000,1.000000,0.000000,True,False,False,False,1,1,"2,4"
IF-medium-18c22f25,medium,2,0.500000,1.000000,0.000000,True,True,True,True,0,0,"1,4"
IF-hard-10fa5bc2,hard,3,0.500000,0.333333,0.666667,False,False,False,False,3,1,"1,3,5"
IF-medium-577d37a8,medium,2,0.500000,0.000000,1.000000,False,False,False,False,1,0,"3,4"
IF-medium-269303f4,medium,2,0.500000,0.000000,1.000000,False,False,False,False,1,0,"1,4"
IF-medium-75ff71f6,medium,2,0.500000,0.000000,1.000000,False,False,False,False,1,0,"1,3"
IF-easy-69f39668,easy,1,0.600000,0.600000,0.600000,True,False,False,False,0,0,2
IF-easy-197bb6a3,easy,1,0.600000,0.600000,0.600000,True,False,False,False,0,0,0
IF-easy-1b00b05a,easy,1,0.600000,0.600000,0.600000,True,False,False,False,0,0,1
IF-easy-30d040ae,easy,1,0.600000,0.600000,0.600000,True,False,False,False,0,0,0
IF-easy-7c57aeee,easy,1,0.600000,0.600000,0.600000,True,False,False,False,0,0,3
IF-easy-57441efc,easy,1,0.600000,0.600000,0.600000,True,False,False,False,0,0,3
IF-easy-2e5dc8af,easy,1,0.600000,0.600000,0.600000,True,False,False,False,0,0,2
IF-hard-1fe6bb9b,hard,3,0.500000,0.666667,0.333333,False,False,True,False,2,1,"1,3,4"
IF-medium-162b1b92,medium,2,0.500000,1.000000,0.000000,True,False,False,False,1,1,"0,1"
IF-hard-58afbcb8,hard,3,0.500000,0.666667,0.333333,False,False,True,False,2,1,"1,4,5"
IF-medium-3c981c11,medium,2,0.500000,0.000000,1.000000,False,False,False,False,1,0,"1,4"
IF-medium-263ef4fc,medium,2,0.500000,1.000000,0.000000,True,True,True,True,0,0,"2,4"
IF-medium-7180131f,medium,2,0.500000,1.000000,0.000000,True,False,False,False,1,1,"3,4"
IF-easy-775cdcba,easy,1,0.600000,0.600000,0.600000,True,False,False,False,0,0,0
IF-medium-197c673d,medium,2,0.500000,1.000000,0.000000,True,False,False,False,1,1,"0,2"
IF-easy-6c70009f,easy,1,0.600000,0.600000,0.600000,True,False,False,False,0,0,0
IF-easy-21855bdd,easy,1,0.600000,0.600000,0.600000,True,False,False,False,0,0,2
IF-easy-1756930d,easy,1,0.600000,0.600000,0.600000,True,False,False,False,0,0,3
IF-medium-05458fc8,medium,2,0.500000,1.000000,0.000000,True,True,True,True,0,0,"2,3"
IF-hard-76b9b1fe,hard,3,0.500000,0.333333,0.666667,False,False,False,False,3,1,"0,4,5"
IF-medium-6c4c9546,medium,2,0.500000,1.000000,0.000000,True,True,True,True,0,0,"0,2"
IF-easy-100e031d,easy,1,0.600000,0.600000,0.600000,True,False,False,False,0,0,0
IF-easy-71194f23,easy,1,0.600000,0.600000,0.600000,True,False,False,False,0,0,2
IF-medium-7f74a135,medium,2,0.500000,1.000000,0.000000,True,False,False,False,1,1,"3,4"
IF-medium-0fb41bd2,medium,2,0.500000,0.000000,1.000000,False,False,False,False,1,0,"1,4"
IF-medium-72e5e1de,medium,2,0.500000,0.000000,1.000000,False,False,False,False,1,0,"0,2"
IF-hard-79bf3d29,hard,3,0.500000,0.666667,0.333333,False,False,True,False,2,1,"0,4,5"
IF-hard-59ff005c,hard,3,0.500000,1.000000,0.000000,True,True,True,True,0,0,"0,2,4"
IF-medium-193a1d06,medium,2,0.500000,1.000000,0.000000,True,False,False,False,1,1,"0,3"
IF-medium-0c0b7c47,medium,2,0.500000,1.000000,0.000000,True,False,False,False,1,1,"0,1"
IF-medium-685be8e8,medium,2,0.500000,1.000000,0.000000,True,False,False,False,1,1,"0,3"
IF-easy-2e708b91,easy,1,0.600000,0.600000,0.600000,True,False,False,False,0,0,2
IF-medium-6d9b3805,medium,2,0.500000,1.000000,0.000000,True,True,True,True,0,0,"0,3"
IF-easy-11958143,easy,1,0.600000,0.600000,0.600000,True,False,False,False,0,0,1
IF-medium-4178161d,medium,2,0.500000,1.000000,0.000000,True,True,True,True,0,0,"3,4"
IF-easy-3f81bdbf,easy,1,0.600000,0.600000,0.600000,True,False,False,False,0,0,1
IF-medium-6cb34e7e,medium,2,0.500000,0.000000,1.000000,False,False,False,False,1,0,"3,4"
IF-hard-1be5d38a,hard,3,0.500000,1.000000,0.000000,True,False,True,False,2,2,"0,1,3"
IF-medium-599e99cd,medium,2,0.500000,1.000000,0.000000,True,True,True,True,0,0,"0,1"
IF-medium-2b3c179b,medium,2,0.500000,1.000000,0.000000,True,False,False,False,1,1,"0,4"
IF-hard-02ceb8ad,hard,3,0.500000,0.333333,0.666667,False,False,True,False,2,0,"1,3,4"
IF-hard-2442df29,hard,3,0.500000,0.666667,0.333333,False,False,False,False,3,2,"1,3,4"
IF-medium-4eba6849,medium,2,0.500000,0.000000,1.000000,False,False,False,False,1,0,"0,2"
IF-easy-42149a69,easy,1,0.600000,0.600000,0.600000,True,False,False,False,0,0,1
IF-hard-6f456bec,hard,3,0.500000,1.000000,0.000000,True,True,True,True,0,0,"2,4,5"
IF-medium-1a3296d7,medium,2,0.500000,1.000000,0.000000,True,False,False,False,1,1,"1,2"
IF-easy-39f757bd,easy,1,0.600000,0.600000,0.600000,True,False,False,False,0,0,2
IF-easy-5d69bfbe,easy,1,0.600000,0.600000,0.600000,True,False,False,False,0,0,1
IF-hard-13683df3,hard,3,0.500000,0.000000,1.000000,False,False,False,False,3,0,"3,4,5"
IF-medium-6915f7fc,medium,2,0.500000,1.000000,0.000000,True,True,True,False,0,0,"0,4"
IF-medium-1530a3b7,medium,2,0.500000,0.000000,1.000000,False,False,False,False,1,0,"1,2"
IF-easy-43a366d4,easy,1,0.600000,0.600000,0.600000,True,False,False,False,0,0,2
IF-easy-51b49326,easy,1,0.600000,0.600000,0.600000,True,False,False,False,0,0,0
IF-medium-6d4ae6dd,medium,2,0.500000,1.000000,0.000000,True,False,False,False,1,1,"1,3"
IF-medium-4f8ef6e5,medium,2,0.500000,1.000000,0.000000,True,False,False,False,1,1,"1,2"
IF-medium-3be343de,medium,2,0.500000,1.000000,0.000000,True,True,True,True,0,0,"0,2"
IF-medium-2e686d7e,medium,2,0.500000,1.000000,0.000000,True,True,True,True,0,0,"1,3"
IF-easy-6b478bb8,easy,1,0.600000,0.600000,0.600000,True,False,False,False,0,0,0
IF-medium-40c87335,medium,2,0.500000,1.000000,0.000000,True,True,True,True,0,0,"2,4"
IF-medium-08b7b7c7,medium,2,0.500000,1.000000,0.000000,True,False,False,False,1,1,"0,2"
IF-easy-40724b33,easy,1,0.600000,0.600000,0.600000,True,False,False,False,0,0,3
IF-hard-75c884d7,hard,3,0.500000,0.000000,1.000000,False,False,False,False,3,0,"0,2,3"
IF-easy-4a466e1e,easy,1,0.600000,0.600000,0.600000,True,False,False,False,0,0,0
IF-hard-69d529b9,hard,3,0.500000,1.000000,0.000000,True,False,True,False,2,2,"0,3,4"
IF-easy-42b6be30,easy,1,0.600000,0.600000,0.600000,True,False,False,False,0,0,2
IF-medium-353b014c,medium,2,0.500000,1.000000,0.000000,True,True,True,True,0,0,"2,3"
IF-medium-7117e0ad,medium,2,0.500000,0.000000,1.000000,False,False,False,False,1,0,"2,4"
IF-hard-29b91dd4,hard,3,0.500000,1.000000,0.000000,True,True,True,True,0,0,"0,2,5"
IF-easy-5b9a3886,easy,1,0.600000,0.600000,0.600000,True,False,False,False,0,0,0
IF-medium-4f1843a7,medium,2,0.500000,1.000000,0.000000,True,True,True,False,0,0,"0,2"
IF-medium-43f6697d,medium,2,0.500000,1.000000,0.000000,True,False,False,False,1,1,"0,4"
IF-medium-4fb0d4de,medium,2,0.500000,0.000000,1.000000,False,False,False,False,1,0,"0,3"
IF-medium-1c3e16e0,medium,2,0.500000,1.000000,0.000000,True,True,True,True,0,0,"1,3"
IF-hard-3f2dded7,hard,3,0.500000,1.000000,0.000000,True,False,False,False,3,3,"0,2,5"
IF-medium-007edc7d,medium,2,0.500000,0.000000,1.000000,False,False,False,False,1,0,"3,4"
IF-medium-32b5e430,medium,2,0.500000,1.000000,0.000000,True,False,False,False,1,1,"0,4"
IF-medium-566f46d1,medium,2,0.500000,0.000000,1.000000,False,False,False,False,1,0,"0,2"
IF-medium-51773467,medium,2,0.500000,0.000000,1.000000,False,False,False,False,1,0,"0,1"
IF-hard-1f6eb192,hard,3,0.500000,0.666667,0.333333,False,False,True,False,2,1,"0,2,5"
IF-easy-5620e849,easy,1,0.600000,0.600000,0.600000,True,False,False,False,0,0,3
IF-easy-67eff5ed,easy,1,0.600000,0.600000,0.600000,True,False,False,False,0,0,1
IF-easy-6c9f4860,easy,1,0.600000,0.600000,0.600000,True,False,False,False,0,0,3
IF-easy-76366b3d,easy,1,0.600000,0.600000,0.600000,True,False,False,False,0,0,3
IF-hard-605797b7,hard,3,0.500000,1.000000,0.000000,True,False,False,False,3,3,"2,3,4"
IF-medium-1b43e030,medium,2,0.500000,1.000000,0.000000,True,False,False,False,1,1,"1,4"
IF-medium-5f649a87,medium,2,0.500000,1.000000,0.000000,True,False,False,False,1,1,"0,1"
IF-medium-6e3ad149,medium,2,0.500000,1.000000,0.000000,True,True,True,True,0,0,"0,1"
IF-easy-73f0994d,easy,1,0.600000,0.600000,0.600000,True,False,False,False,0,0,0
IF-hard-530e6192,hard,3,0.500000,0.333333,0.666667,False,False,False,False,3,1,"0,2,3"
IF-medium-609de50d,medium,2,0.500000,1.000000,0.000000,True,False,False,False,1,1,"0,2"
IF-medium-5bb70bfc,medium,2,0.500000,1.000000,0.000000,True,True,True,True,0,0,"2,4"
IF-medium-03b2eb39,medium,2,0.500000,1.000000,0.000000,True,True,True,True,0,0,"1,3"
IF-medium-5b315837,medium,2,0.500000,1.000000,0.000000,True,True,True,True,0,0,"1,4"
IF-medium-62e7825f,medium,2,0.500000,1.000000,0.000000,True,True,True,True,0,0,"2,3"
IF-easy-59c860ea,easy,1,0.600000,0.600000,0.600000,True,False,False,False,0,0,3
IF-medium-40475fbf,medium,2,0.500000,1.000000,0.000000,True,False,False,False,1,1,"0,2"
IF-medium-7ad479dc,medium,2,0.500000,0.000000,1.000000,False,False,False,False,1,0,"0,1"
IF-hard-0290b17a,hard,3,0.500000,0.666667,0.333333,False,False,False,False,3,2,"0,1,5"
IF-hard-5c340368,hard,3,0.500000,0.666667,0.333333,False,False,True,False,2,1,"1,2,3"
IF-easy-69d1aab6,easy,1,0.600000,0.600000,0.600000,True,False,False,False,0,0,2
IF-easy-774a472c,easy,1,0.600000,0.600000,0.600000,True,False,False,False,0,0,1
IF-hard-0b44e128,hard,3,0.500000,0.666667,0.333333,False,False,False,False,3,2,"2,3,4"
IF-medium-05ec7d95,medium,2,0.500000,1.000000,0.000000,True,True,True,True,0,0,"1,4"
IF-medium-4b410b7b,medium,2,0.500000,0.000000,1.000000,False,False,False,False,1,0,"1,3"
IF-easy-0dfebe14,easy,1,0.600000,0.600000,0.600000,True,False,False,False,0,0,3
IF-easy-1dbc6b7e,easy,1,0.600000,0.600000,0.600000,True,False,False,False,0,0,2
IF-hard-54b32368,hard,3,0.500000,0.333333,0.666667,False,False,True,False,2,0,"1,2,3"
IF-easy-6e8786ac,easy,1,0.600000,0.600000,0.600000,True,False,False,False,0,0,0
IF-medium-42f9f17e,medium,2,0.500000,1.000000,0.000000,True,False,False,False,1,1,"2,4"
IF-medium-62495879,medium,2,0.500000,1.000000,0.000000,True,False,False,False,1,1,"0,4"
IF-medium-4cceeb0d,medium,2,0.500000,0.000000,1.000000,False,False,False,False,1,0,"3,4"
IF-hard-41e2a2bb,hard,3,0.500000,0.666667,0.333333,False,False,True,False,2,1,"1,3,5"
IF-easy-00923538,easy,1,0.600000,0.600000,0.600000,True,False,False,False,0,0,1
IF-hard-34cc2044,hard,3,0.500000,0.333333,0.666667,False,False,False,False,3,1,"3,4,5"
IF-easy-37e16834,easy,1,0.600000,0.600000,0.600000,True,False,False,False,0,0,2
IF-easy-0ec3703b,easy,1,0.600000,0.600000,0.600000,True,False,False,False,0,0,3
IF-hard-13f1ab3c,hard,3,0.500000,1.000000,0.000000,True,False,True,False,2,2,"0,4,5"
IF-easy-3a97c922,easy,1,0.600000,0.600000,0.600000,True,False,False,False,0,0,3
IF-medium-2d320bd1,medium,2,0.500000,1.000000,0.000000,True,True,True,True,0,0,"1,3"
IF-medium-0cbae89f,medium,2,0.500000,0.000000,1.000000,False,False,False,False,1,0,"1,2"
IF-medium-5dfb9a8a,medium,2,0.500000,0.000000,1.000000,False,False,False,False,1,0,"0,3"
IF-medium-74c517a8,medium,2,0.500000,1.000000,0.000000,True,False,False,False,1,1,"2,4"
IF-medium-1a6688ba,medium,2,0.500000,1.000000,0.000000,True,False,False,False,1,1,"1,2"
IF-medium-0dea931e,medium,2,0.500000,0.000000,1.000000,False,False,False,False,1,0,"0,2"
IF-hard-4a019b41,hard,3,0.500000,0.333333,0.666667,False,False,True,False,2,0,"0,2,3"
IF-medium-207f149f,medium,2,0.500000,1.000000,0.000000,True,True,True,True,0,0,"0,2"
IF-easy-1bac05b5,easy,1,0.600000,0.600000,0.600000,True,False,False,False,0,0,0
IF-medium-6b1a35c7,medium,2,0.500000,1.000000,0.000000,True,True,True,True,0,0,"0,1"
IF-easy-3ab8c535,easy,1,0.600000,0.600000,0.600000,True,False,False,False,0,0,2
IF-medium-1dd60827,medium,2,0.500000,0.000000,1.000000,False,False,False,False,1,0,"0,1"
IF-medium-111aadf8,medium,2,0.500000,1.000000,0.000000,True,True,True,True,0,0,"0,3"
IF-medium-1ada81b0,medium,2,0.500000,1.000000,0.000000,True,True,True,True,0,0,"1,3"
IF-medium-126337d6,medium,2,0.500000,1.000000,0.000000,True,True,True,True,0,0,"1,2"
IF-easy-635d846d,easy,1,0.600000,0.600000,0.600000,True,False,False,False,0,0,2
IF-medium-096b4ef8,medium,2,0.500000,0.000000,1.000000,False,False,False,False,1,0,"1,4"
IF-medium-230dad86,medium,2,0.500000,1.000000,0.000000,True,True,True,True,0,0,"0,4"
IF-medium-70d8d03a,medium,2,0.500000,0.000000,1.000000,False,False,False,False,1,0,"2,3"
IF-medium-06235012,medium,2,0.500000,1.000000,0.000000,True,False,False,False,1,1,"0,3"
IF-hard-497dc11f,hard,3,0.500000,0.666667,0.333333,False,False,True,False,2,1,"0,2,5"
IF-easy-68b131ad,easy,1,0.600000,0.600000,0.600000,True,False,False,False,0,0,3
IF-hard-5efa4b80,hard,3,0.500000,1.000000,0.000000,True,False,False,False,3,3,"1,2,4"
IF-medium-70f1a6bf,medium,2,0.500000,0.000000,1.000000,False,False,False,False,1,0,"0,1"
IF-hard-30aef2b6,hard,3,0.500000,1.000000,0.000000,True,False,True,False,2,2,"0,3,5"
IF-easy-0d12833e,easy,1,0.600000,0.600000,0.600000,True,False,False,False,0,0,3
IF-medium-6a26b86f,medium,2,0.500000,1.000000,0.000000,True,False,False,False,1,1,"1,3"
IF-medium-4fc70a2c,medium,2,0.500000,1.000000,0.000000,True,False,False,False,1,1,"0,3"
IF-medium-264a1db3,medium,2,0.500000,0.000000,1.000000,False,False,False,False,1,0,"2,4"
IF-easy-4479ccc5,easy,1,0.600000,0.600000,0.600000,True,False,False,False,0,0,0
IF-easy-2a3cbad6,easy,1,0.600000,0.600000,0.600000,True,False,False,False,0,0,2
IF-easy-65aea90b,easy,1,0.600000,0.600000,0.600000,True,False,False,False,0,0,3
IF-easy-0c7fc0b5,easy,1,0.600000,0.600000,0.600000,True,False,False,False,0,0,1
IF-medium-1189eea9,medium,2,0.500000,0.000000,1.000000,False,False,False,False,1,0,"3,4"
IF-hard-741152c4,hard,3,0.500000,1.000000,0.000000,True,False,True,False,2,2,"0,3,5"
IF-hard-699f48c0,hard,3,0.500000,0.666667,0.333333,False,False,False,False,3,2,"1,2,3"
IF-easy-7a5d8682,easy,1,0.600000,0.600000,0.600000,True,False,False,False,0,0,1
IF-easy-70eb5571,easy,1,0.600000,0.600000,0.600000,True,False,False,False,0,0,1
IF-hard-259d2f86,hard,3,0.500000,1.000000,0.000000,True,False,True,False,2,2,"1,2,3"
IF-medium-0036d758,medium,2,0.500000,1.000000,0.000000,True,True,True,False,0,0,"0,4"
IF-medium-4994fc89,medium,2,0.500000,1.000000,0.000000,True,False,False,False,1,1,"2,4"
IF-hard-1832fc16,hard,3,0.500000,0.333333,0.666667,False,False,True,False,2,0,"0,4,5"
IF-easy-20f7b88e,easy,1,0.600000,0.600000,0.600000,True,False,False,False,0,0,0
IF-hard-6e043667,hard,3,0.500000,0.666667,0.333333,False,False,True,False,2,1,"0,3,4"
IF-easy-3112cdd6,easy,1,0.600000,0.600000,0.600000,True,False,False,False,0,0,3
IF-medium-450da734,medium,2,0.500000,1.000000,0.000000,True,False,False,False,1,1,"1,2"
IF-easy-7645642c,easy,1,0.600000,0.600000,0.600000,True,False,False,False,0,0,3
IF-hard-26972eea,hard,3,0.500000,1.000000,0.000000,True,False,True,False,2,2,"0,1,2"
IF-medium-349f5a6c,medium,2,0.500000,1.000000,0.000000,True,True,True,True,0,0,"3,4"
IF-easy-52455f4e,easy,1,0.600000,0.600000,0.600000,True,False,False,False,0,0,1
IF-hard-28c333a9,hard,3,0.500000,0.000000,1.000000,False,False,False,False,3,0,"0,2,5"
IF-easy-4b8c1753,easy,1,0.600000,0.600000,0.600000,True,False,False,False,0,0,1
IF-medium-07f2264c,medium,2,0.500000,1.000000,0.000000,True,True,True,True,0,0,"0,3"
IF-medium-1a61e6b0,medium,2,0.500000,0.000000,1.000000,False,False,False,False,1,0,"1,4"
IF-hard-317d9a8c,hard,3,0.500000,0.333333,0.666667,False,False,False,False,3,1,"0,1,5"
IF-medium-776045b4,medium,2,0.500000,1.000000,0.000000,True,True,True,True,0,0,"1,3"
IF-medium-62d987bf,medium,2,0.500000,1.000000,0.000000,True,False,False,False,1,1,"0,1"
IF-hard-13ba2c7f,hard,3,0.500000,0.333333,0.666667,False,False,True,False,2,0,"1,4,5"
IF-hard-5c024005,hard,3,0.500000,1.000000,0.000000,True,False,True,False,2,2,"1,3,5"
IF-easy-6412e585,easy,1,0.600000,0.600000,0.600000,True,False,False,False,0,0,3
IF-hard-131f0462,hard,3,0.500000,1.000000,0.000000,True,True,True,True,0,0,"2,4,5"
IF-easy-0291bf4d,easy,1,0.600000,0.600000,0.600000,True,False,False,False,0,0,0
IF-medium-5df6bd28,medium,2,0.500000,1.000000,0.000000,True,True,True,True,0,0,"2,4"
IF-medium-17bc112f,medium,2,0.500000,1.000000,0.000000,True,True,True,True,0,0,"2,4"
IF-hard-46c569ce,hard,3,0.500000,0.333333,0.666667,False,False,True,False,2,0,"0,1,2"
IF-hard-3806a896,hard,3,0.500000,0.666667,0.333333,False,False,False,False,3,2,"1,2,4"
IF-medium-31c5c36d,medium,2,0.500000,1.000000,0.000000,True,True,True,True,0,0,"0,3"
IF-hard-57163595,hard,3,0.500000,1.000000,0.000000,True,False,True,False,2,2,"0,1,3"
IF-easy-4191a453,easy,1,0.600000,0.600000,0.600000,True,False,False,False,0,0,0
IF-medium-17c3eb93,medium,2,0.500000,1.000000,0.000000,True,True,True,True,0,0,"3,4"
IF-hard-4dbb0891,hard,3,0.500000,0.333333,0.666667,False,False,True,False,2,0,"1,3,5"
IF-medium-1c790d25,medium,2,0.500000,1.000000,0.000000,True,False,False,False,1,1,"1,2"
IF-easy-12ba7845,easy,1,0.600000,0.600000,0.600000,True,False,False,False,0,0,1
IF-medium-39a3fe7c,medium,2,0.500000,1.000000,0.000000,True,False,False,False,1,1,"3,4"
IF-hard-76c79a3b,hard,3,0.500000,1.000000,0.000000,True,False,False,False,3,3,"1,4,5"
IF-easy-59044079,easy,1,0.600000,0.600000,0.600000,True,False,False,False,0,0,1
IF-hard-233f2d7f,hard,3,0.500000,1.000000,0.000000,True,False,True,False,2,2,"0,1,3"
IF-medium-2bb9dbd8,medium,2,0.500000,1.000000,0.000000,True,True,True,True,0,0,"0,4"
IF-medium-2650b3a1,medium,2,0.500000,0.000000,1.000000,False,False,False,False,1,0,"3,4"
IF-medium-31b6130e,medium,2,0.500000,0.000000,1.000000,False,False,False,False,1,0,"1,2"
IF-hard-4085a320,hard,3,0.500000,1.000000,0.000000,True,True,True,True,0,0,"1,3,4"
IF-easy-1ea3fcfb,easy,1,0.600000,0.600000,0.600000,True,False,False,False,0,0,2
IF-easy-63edadaf,easy,1,0.600000,0.600000,0.600000,True,False,False,False,0,0,0
IF-hard-405a5332,hard,3,0.500000,0.000000,1.000000,False,False,False,False,3,0,"0,1,3"
IF-easy-788ca38a,easy,1,0.600000,0.600000,0.600000,True,False,False,False,0,0,0
IF-hard-5cf754a1,hard,3,0.500000,0.666667,0.333333,False,False,False,False,3,2,"0,1,2"
IF-easy-30e95ec9,easy,1,0.600000,0.600000,0.600000,True,False,False,False,0,0,3
IF-medium-300acd21,medium,2,0.500000,0.000000,1.000000,False,False,False,False,1,0,"0,3"
IF-hard-2d903bb6,hard,3,0.500000,1.000000,0.000000,True,True,True,True,0,0,"0,2,5"
IF-medium-5c10bb61,medium,2,0.500000,1.000000,0.000000,True,False,False,False,1,1,"0,2"
IF-medium-79449514,medium,2,0.500000,0.000000,1.000000,False,False,False,False,1,0,"0,3"
IF-hard-1088a172,hard,3,0.500000,1.000000,0.000000,True,True,True,True,0,0,"0,3,4"
IF-medium-22a2ee31,medium,2,0.500000,1.000000,0.000000,True,False,False,False,1,1,"2,4"
IF-hard-4977ed3e,hard,3,0.500000,0.666667,0.333333,False,False,True,False,2,1,"3,4,5"
IF-medium-0c996f04,medium,2,0.500000,0.000000,1.000000,False,False,False,False,1,0,"0,3"
IF-hard-585ba7a4,hard,3,0.500000,0.666667,0.333333,False,False,True,False,2,1,"1,3,5"
IF-hard-39f0dffd,hard,3,0.500000,1.000000,0.000000,True,False,True,False,2,2,"3,4,5"
IF-easy-46ab5ec5,easy,1,0.600000,0.600000,0.600000,True,False,False,False,0,0,2
IF-medium-79476af8,medium,2,0.500000,0.000000,1.000000,False,False,False,False,1,0,"0,3"
IF-easy-08b6639f,easy,1,0.600000,0.600000,0.600000,True,False,False,False,0,0,2
IF-hard-4e2eccd4,hard,3,0.500000,0.666667,0.333333,False,False,False,False,3,2,"1,4,5"
IF-easy-26df8bfd,easy,1,0.600000,0.600000,0.600000,True,False,False,False,0,0,0
IF-hard-44abbde7,hard,3,0.500000,0.666667,0.333333,False,False,True,False,2,1,"2,4,5"
IF-medium-744be5da,medium,2,0.500000,1.000000,0.000000,True,False,False,False,1,1,"3,4"
IF-medium-64815ea7,medium,2,0.500000,1.000000,0.000000,True,False,False,False,1,1,"1,3"
IF-medium-1a753279,medium,2,0.500000,1.000000,0.000000,True,True,True,True,0,0,"1,2"
IF-easy-353434bf,easy,1,0.600000,0.600000,0.600000,True,False,False,False,0,0,2
IF-medium-4e932b83,medium,2,0.500000,0.000000,1.000000,False,False,False,False,1,0,"1,4"
IF-hard-1fa0b5ae,hard,3,0.500000,0.666667,0.333333,False,False,True,False,2,1,"1,2,5"
IF-hard-4228718b,hard,3,0.500000,1.000000,0.000000,True,False,True,False,2,2,"0,3,5"
IF-medium-6a149296,medium,2,0.500000,0.000000,1.000000,False,False,False,False,1,0,"3,4"
IF-easy-12643597,easy,1,0.600000,0.600000,0.600000,True,False,False,False,0,0,1
IF-medium-7a90d4df,medium,2,0.500000,0.000000,1.000000,False,False,False,False,1,0,"1,4"
IF-medium-50f31102,medium,2,0.500000,1.000000,0.000000,True,True,True,True,0,0,"1,4"
IF-easy-48b0d659,easy,1,0.600000,0.600000,0.600000,True,False,False,False,0,0,2
IF-medium-4c73cb96,medium,2,0.500000,0.000000,1.000000,False,False,False,False,1,0,"0,4"
IF-medium-2185c6ea,medium,2,0.500000,0.000000,1.000000,False,False,False,False,1,0,"0,1"
IF-medium-0c1f82a3,medium,2,0.500000,1.000000,0.000000,True,True,True,True,0,0,"2,4"
IF-hard-1164874f,hard,3,0.500000,0.333333,0.666667,False,False,True,False,2,0,"0,2,4"
IF-medium-4a84c014,medium,2,0.500000,0.000000,1.000000,False,False,False,False,1,0,"0,3"
IF-easy-6f5ce069,easy,1,0.600000,0.600000,0.600000,True,False,False,False,0,0,2
IF-easy-170f4449,easy,1,0.600000,0.600000,0.600000,True,False,False,False,0,0,2
IF-medium-33942e53,medium,2,0.500000,1.000000,0.000000,True,False,False,False,1,1,"0,2"
IF-hard-33db935a,hard,3,0.500000,0.333333,0.666667,False,False,True,False,2,0,"1,3,4"
IF-easy-02e697a3,easy,1,0.600000,0.600000,0.600000,True,False,False,False,0,0,3
IF-hard-07b17c4f,hard,3,0.500000,1.000000,0.000000,True,True,True,True,0,0,"1,3,4"
IF-hard-50aec3c2,hard,3,0.500000,0.333333,0.666667,False,False,False,False,3,1,"0,1,2"
IF-medium-33ba490f,medium,2,0.500000,1.000000,0.000000,True,False,False,False,1,1,"0,1"
IF-hard-07192c7d,hard,3,0.500000,1.000000,0.000000,True,True,True,True,0,0,"0,1,3"
IF-medium-51824e0c,medium,2,0.500000,1.000000,0.000000,True,False,False,False,1,1,"1,3"
IF-medium-1801f648,medium,2,0.500000,0.000000,1.000000,False,False,False,False,1,0,"0,1"
IF-medium-40c5f5d2,medium,2,0.500000,0.000000,1.000000,False,False,False,False,1,0,"0,2"
IF-easy-7fb8bd26,easy,1,0.600000,0.600000,0.600000,True,False,False,False,0,0,0
IF-hard-6973ce49,hard,3,0.500000,1.000000,0.000000,True,True,True,True,0,0,"2,3,5"
IF-medium-5597fea4,medium,2,0.500000,1.000000,0.000000,True,False,False,False,1,1,"0,3"
IF-medium-380885b0,medium,2,0.500000,1.000000,0.000000,True,True,True,True,0,0,"0,4"
IF-medium-0af0820f,medium,2,0.500000,1.000000,0.000000,True,False,False,False,1,1,"0,2"
IF-hard-5b9f80bc,hard,3,0.500000,0.333333,0.666667,False,False,True,False,2,0,"0,1,3"
IF-hard-7e07b307,hard,3,0.500000,0.666667,0.333333,False,False,False,False,3,2,"1,4,5"
IF-medium-7d149c1d,medium,2,0.500000,1.000000,0.000000,True,False,False,False,1,1,"0,2"
IF-easy-6dcfbed0,easy,1,0.600000,0.600000,0.600000,True,False,False,False,0,0,2
IF-medium-0ff25a1f,medium,2,0.500000,1.000000,0.000000,True,True,True,True,0,0,"3,4"
IF-easy-579dec85,easy,1,0.600000,0.600000,0.600000,True,False,False,False,0,0,0
IF-easy-5cf2c083,easy,1,0.600000,0.600000,0.600000,True,False,False,False,0,0,3
IF-medium-33ac989b,medium,2,0.500000,1.000000,0.000000,True,True,True,True,0,0,"1,3"
IF-hard-4106acfb,hard,3,0.500000,0.666667,0.333333,False,False,True,False,2,1,"0,3,4"
IF-hard-582ad424,hard,3,0.500000,1.000000,0.000000,True,True,True,True,0,0,"0,1,2"
IF-hard-670c3456,hard,3,0.500000,1.000000,0.000000,True,True,True,True,0,0,"1,2,3"
IF-hard-14b56a0c,hard,3,0.500000,0.666667,0.333333,False,False,True,False,2,1,"2,4,5"
IF-easy-0552a7fb,easy,1,0.600000,0.600000,0.600000,True,False,False,False,0,0,1
IF-medium-6ef24fb4,medium,2,0.500000,1.000000,0.000000,True,True,True,True,0,0,"0,2"
IF-hard-77396758,hard,3,0.500000,1.000000,0.000000,True,True,True,True,0,0,"1,2,5"
IF-medium-0d643f23,medium,2,0.500000,1.000000,0.000000,True,True,True,True,0,0,"0,4"
IF-medium-0a1dc81d,medium,2,0.500000,1.000000,0.000000,True,False,False,False,1,1,"1,4"
IF-medium-78f00042,medium,2,0.500000,1.000000,0.000000,True,False,False,False,1,1,"2,4"
IF-medium-254d4c2e,medium,2,0.500000,1.000000,0.000000,True,True,True,True,0,0,"0,2"
IF-easy-791bd751,easy,1,0.600000,0.600000,0.600000,True,False,False,False,0,0,1
IF-medium-6747ab53,medium,2,0.500000,0.000000,1.000000,False,False,False,False,1,0,"2,3"
IF-easy-1ecb4476,easy,1,0.600000,0.600000,0.600000,True,False,False,False,0,0,0
IF-medium-5b1e6077,medium,2,0.500000,1.000000,0.000000,True,True,True,True,0,0,"3,4"
IF-medium-1f262a64,medium,2,0.500000,1.000000,0.000000,True,True,True,True,0,0,"0,2"
IF-hard-43a38f89,hard,3,0.500000,1.000000,0.000000,True,True,True,True,0,0,"1,3,5"
IF-easy-1e2a9ffe,easy,1,0.600000,0.600000,0.600000,True,False,False,False,0,0,1
IF-hard-3e322160,hard,3,0.500000,1.000000,0.000000,True,True,True,True,0,0,"0,1,3"
IF-hard-6c3451af,hard,3,0.500000,0.666667,0.333333,False,False,True,False,2,1,"0,1,4"
IF-medium-39be2d16,medium,2,0.500000,0.000000,1.000000,False,False,False,False,1,0,"0,3"
IF-easy-35258928,easy,1,0.600000,0.600000,0.600000,True,False,False,False,0,0,1
IF-easy-473c4470,easy,1,0.600000,0.600000,0.600000,True,False,False,False,0,0,3
IF-easy-36a00e11,easy,1,0.600000,0.600000,0.600000,True,False,False,False,0,0,1
IF-easy-75cd12d2,easy,1,0.600000,0.600000,0.600000,True,False,False,False,0,0,0
IF-medium-024ae9f7,medium,2,0.500000,1.000000,0.000000,True,True,True,True,0,0,"0,4"
IF-medium-1f0ac651,medium,2,0.500000,1.000000,0.000000,True,True,True,True,0,0,"2,4"
IF-medium-09d471f0,medium,2,0.500000,1.000000,0.000000,True,True,True,True,0,0,"1,3"
IF-medium-7980f7de,medium,2,0.500000,0.000000,1.000000,False,False,False,False,1,0,"1,4"
IF-medium-59e2ec52,medium,2,0.500000,0.000000,1.000000,False,False,False,False,1,0,"3,4"
IF-medium-2c341d58,medium,2,0.500000,1.000000,0.000000,True,False,False,False,1,1,"2,4"
IF-medium-64cd68d0,medium,2,0.500000,1.000000,0.000000,True,False,False,False,1,1,"1,2"
IF-medium-21dc40c1,medium,2,0.500000,1.000000,0.000000,True,True,True,True,0,0,"0,3"
IF-medium-32ec90ed,medium,2,0.500000,1.000000,0.000000,True,True,True,True,0,0,"0,4"
IF-medium-4d32a879,medium,2,0.500000,0.000000,1.000000,False,False,False,False,1,0,"1,2"
IF-easy-2deaa92e,easy,1,0.600000,0.600000,0.600000,True,False,False,False,0,0,0
IF-medium-4ec8b076,medium,2,0.500000,1.000000,0.000000,True,True,True,True,0,0,"0,4"
IF-easy-6e48cbe3,easy,1,0.600000,0.600000,0.600000,True,False,False,False,0,0,1
IF-medium-49411005,medium,2,0.500000,1.000000,0.000000,True,False,False,False,1,1,"3,4"
IF-medium-6c30a621,medium,2,0.500000,1.000000,0.000000,True,False,False,False,1,1,"0,3"
IF-medium-6fa525da,medium,2,0.500000,1.000000,0.000000,True,True,True,True,0,0,"2,4"
IF-hard-6eb99c19,hard,3,0.500000,1.000000,0.000000,True,True,True,True,0,0,"2,4,5"
IF-hard-33702815,hard,3,0.500000,0.333333,0.666667,False,False,False,False,3,1,"0,1,4"
IF-medium-16e45ff8,medium,2,0.500000,1.000000,0.000000,True,False,False,False,1,1,"0,1"
IF-medium-6583bfbb,medium,2,0.500000,0.000000,1.000000,False,False,False,False,1,0,"0,1"
IF-medium-603b4d1f,medium,2,0.500000,1.000000,0.000000,True,False,False,False,1,1,"2,3"
IF-medium-5e3617eb,medium,2,0.500000,1.000000,0.000000,True,False,False,False,1,1,"1,3"
IF-easy-3712f0b5,easy,1,0.600000,0.600000,0.600000,True,False,False,False,0,0,1
IF-medium-7d5ca429,medium,2,0.500000,0.000000,1.000000,False,False,False,False,1,0,"1,2"
IF-medium-4304cdcf,medium,2,0.500000,0.000000,1.000000,False,False,False,False,1,0,"3,4"
IF-easy-513c6916,easy,1,0.600000,0.600000,0.600000,True,False,False,False,0,0,3
IF-medium-3d207f68,medium,2,0.500000,0.000000,1.000000,False,False,False,False,1,0,"1,3"
IF-medium-54a856ca,medium,2,0.500000,1.000000,0.000000,True,False,False,False,1,1,"0,3"
IF-medium-16c0155a,medium,2,0.500000,1.000000,0.000000,True,True,True,True,0,0,"1,3"
IF-medium-31cd1f27,medium,2,0.500000,1.000000,0.000000,True,False,False,False,1,1,"2,4"
IF-medium-449ac7e9,medium,2,0.500000,0.000000,1.000000,False,False,False,False,1,0,"1,4"
IF-hard-2fc6f25c,hard,3,0.500000,0.333333,0.666667,False,False,True,False,2,0,"0,1,3"
IF-easy-1447cce5,easy,1,0.600000,0.600000,0.600000,True,False,False,False,0,0,1
IF-medium-75c12c60,medium,2,0.500000,1.000000,0.000000,True,True,True,True,0,0,"2,4"
IF-easy-2d01e7e4,easy,1,0.600000,0.600000,0.600000,True,False,False,False,0,0,3
IF-easy-387a0a05,easy,1,0.600000,0.600000,0.600000,True,False,False,False,0,0,3
IF-medium-39ba2540,medium,2,0.500000,1.000000,0.000000,True,True,True,True,0,0,"2,4"
IF-easy-4f0bcb4a,easy,1,0.600000,0.600000,0.600000,True,False,False,False,0,0,2
IF-easy-68003545,easy,1,0.600000,0.600000,0.600000,True,False,False,False,0,0,3
IF-hard-776d2cd9,hard,3,0.500000,0.666667,0.333333,False,False,True,False,2,1,"0,1,3"
IF-medium-7464fed5,medium,2,0.500000,1.000000,0.000000,True,False,False,False,1,1,"2,4"
IF-hard-0afc8d7b,hard,3,0.500000,0.333333,0.666667,False,False,True,False,2,0,"2,3,4"
IF-hard-462deff6,hard,3,0.500000,0.333333,0.666667,False,False,False,False,3,1,"2,4,5"
IF-easy-4a48a394,easy,1,0.600000,0.600000,0.600000,True,False,False,False,0,0,3
IF-medium-177ecd71,medium,2,0.500000,1.000000,0.000000,True,True,True,True,0,0,"0,2"
IF-medium-0bd7dc82,medium,2,0.500000,1.000000,0.000000,True,True,True,True,0,0,"0,4"
IF-easy-46a02dfc,easy,1,0.600000,0.600000,0.600000,True,False,False,False,0,0,3
IF-medium-76e20c76,medium,2,0.500000,0.000000,1.000000,False,False,False,False,1,0,"1,4"
IF-medium-560d30f0,medium,2,0.500000,1.000000,0.000000,True,True,True,True,0,0,"1,4"
IF-hard-113b03b3,hard,3,0.500000,0.666667,0.333333,False,False,True,False,2,1,"0,1,3"
IF-hard-6338dfa3,hard,3,0.500000,0.333333,0.666667,False,False,True,False,2,0,"1,3,4"
IF-medium-6e762f28,medium,2,0.500000,1.000000,0.000000,True,True,True,True,0,0,"0,2"
IF-hard-507e30fe,hard,3,0.500000,1.000000,0.000000,True,True,True,True,0,0,"1,3,5"
IF-hard-6b3e8c80,hard,3,0.500000,1.000000,0.000000,True,True,True,True,0,0,"0,3,5"
IF-medium-176d1d72,medium,2,0.500000,0.000000,1.000000,False,False,False,False,1,0,"0,1"
IF-easy-1ea26af2,easy,1,0.600000,0.600000,0.600000,True,False,False,False,0,0,2
IF-medium-47b7b771,medium,2,0.500000,1.000000,0.000000,True,False,False,False,1,1,"1,3"
IF-easy-1e824e0a,easy,1,0.600000,0.600000,0.600000,True,False,False,False,0,0,3
IF-medium-0e1ee365,medium,2,0.500000,1.000000,0.000000,True,True,True,True,0,0,"2,4"
IF-easy-212751ef,easy,1,0.600000,0.600000,0.600000,True,False,False,False,0,0,2
IF-medium-3f44d7f4,medium,2,0.500000,1.000000,0.000000,True,False,False,False,1,1,"1,3"
IF-hard-535d366f,hard,3,0.500000,0.666667,0.333333,False,False,True,False,2,1,"0,3,4"
IF-medium-514d1d86,medium,2,0.500000,1.000000,0.000000,True,True,True,True,0,0,"0,2"
IF-easy-39d2badb,easy,1,0.600000,0.600000,0.600000,True,False,False,False,0,0,0
IF-easy-43e80903,easy,1,0.600000,0.600000,0.600000,True,False,False,False,0,0,0
IF-hard-452b81ff,hard,3,0.500000,0.666667,0.333333,False,False,False,False,3,2,"1,2,3"
IF-hard-03765ebe,hard,3,0.500000,1.000000,0.000000,True,False,True,False,2,2,"1,2,4"
IF-medium-4886a968,medium,2,0.500000,0.000000,1.000000,False,False,False,False,1,0,"1,3"
IF-hard-2b932cfe,hard,3,0.500000,1.000000,0.000000,True,False,True,False,2,2,"1,4,5"
IF-medium-46172613,medium,2,0.500000,1.000000,0.000000,True,False,False,False,1,1,"0,3"
IF-medium-7b272ae2,medium,2,0.500000,0.000000,1.000000,False,False,False,False,1,0,"2,4"
IF-medium-4747f6d8,medium,2,0.500000,1.000000,0.000000,True,False,False,False,1,1,"0,1"
IF-hard-75b5c0d1,hard,3,0.500000,1.000000,0.000000,True,True,True,True,0,0,"0,1,5"
IF-medium-1309b16d,medium,2,0.500000,0.000000,1.000000,False,False,False,False,1,0,"1,2"
IF-hard-20fcc689,hard,3,0.500000,0.666667,0.333333,False,False,False,False,3,2,"1,2,4"
IF-easy-44118b60,easy,1,0.600000,0.600000,0.600000,True,False,False,False,0,0,2
IF-easy-44325ba6,easy,1,0.600000,0.600000,0.600000,True,False,False,False,0,0,3
IF-medium-65cbf33f,medium,2,0.500000,1.000000,0.000000,True,True,True,True,0,0,"3,4"
IF-hard-0205ccc0,hard,3,0.500000,0.666667,0.333333,False,False,True,False,2,1,"2,3,5"
IF-medium-2dead9f7,medium,2,0.500000,1.000000,0.000000,True,True,True,False,0,0,"1,3"
IF-medium-640d2f3d,medium,2,0.500000,1.000000,0.000000,True,True,True,True,0,0,"2,3"
IF-easy-17c46f11,easy,1,0.600000,0.600000,0.600000,True,False,False,False,0,0,1
IF-medium-5ec8dfb1,medium,2,0.500000,1.000000,0.000000,True,True,True,True,0,0,"3,4"
IF-easy-6764354c,easy,1,0.600000,0.600000,0.600000,True,False,False,False,0,0,1
IF-easy-01f3165b,easy,1,0.600000,0.600000,0.600000,True,False,False,False,0,0,3
IF-hard-001d8cfa,hard,3,0.500000,0.333333,0.666667,False,False,False,False,3,1,"0,2,3"
IF-medium-11cb8406,medium,2,0.500000,1.000000,0.000000,True,False,False,False,1,1,"1,2"
IF-medium-0e024823,medium,2,0.500000,1.000000,0.000000,True,False,False,False,1,1,"1,4"
IF-medium-0412b9ff,medium,2,0.500000,1.000000,0.000000,True,True,True,True,0,0,"0,2"
IF-easy-0afd8707,easy,1,0.600000,0.600000,0.600000,True,False,False,False,0,0,2
IF-hard-5040a654,hard,3,0.500000,0.666667,0.333333,False,False,False,False,3,2,"2,4,5"
IF-easy-218da4c7,easy,1,0.600000,0.600000,0.600000,True,False,False,False,0,0,3
IF-easy-04c64123,easy,1,0.600000,0.600000,0.600000,True,False,False,False,0,0,0
IF-easy-0562ac1e,easy,1,0.600000,0.600000,0.600000,True,False,False,False,0,0,0
IF-medium-7d52abd8,medium,2,0.500000,0.000000,1.000000,False,False,False,False,1,0,"1,2"
IF-hard-0d25b75a,hard,3,0.500000,1.000000,0.000000,True,False,True,False,2,2,"2,3,4"
IF-medium-048704f6,medium,2,0.500000,0.000000,1.000000,False,False,False,False,1,0,"0,4"
IF-easy-1bb4e0ee,easy,1,0.600000,0.600000,0.600000,True,False,False,False,0,0,1
IF-medium-71957844,medium,2,0.500000,1.000000,0.000000,True,True,True,True,0,0,"2,3"
IF-hard-0d060ce2,hard,3,0.500000,0.666667,0.333333,False,False,True,False,2,1,"1,3,4"
IF-medium-32e15bb3,medium,2,0.500000,1.000000,0.000000,True,True,True,True,0,0,"1,2"
IF-medium-27e60c7c,medium,2,0.500000,0.000000,1.000000,False,False,False,False,1,0,"2,4"
IF-easy-7e24ec73,easy,1,0.600000,0.600000,0.600000,True,False,False,False,0,0,0
IF-medium-3368e290,medium,2,0.500000,0.000000,1.000000,False,False,False,False,1,0,"1,4"
IF-hard-3806c48d,hard,3,0.500000,0.333333,0.666667,False,False,False,False,3,1,"0,2,5"
IF-medium-09ee2fb7,medium,2,0.500000,1.000000,0.000000,True,True,True,True,0,0,"2,3"
IF-medium-5f9503d0,medium,2,0.500000,1.000000,0.000000,True,False,False,False,1,1,"2,4"
IF-medium-73f64eb3,medium,2,0.500000,1.000000,0.000000,True,False,False,False,1,1,"0,4"
IF-medium-086acb0a,medium,2,0.500000,1.000000,0.000000,True,False,False,False,1,1,"1,2"
IF-easy-330d80f4,easy,1,0.600000,0.600000,0.600000,True,False,False,False,0,0,3
IF-medium-0943d4e5,medium,2,0.500000,0.000000,1.000000,False,False,False,False,1,0,"0,3"
IF-easy-4fd0fd4f,easy,1,0.600000,0.600000,0.600000,True,False,False,False,0,0,3
IF-medium-7a3a3cb1,medium,2,0.500000,0.000000,1.000000,False,False,False,False,1,0,"0,3"
IF-medium-72e9ddd3,medium,2,0.500000,0.000000,1.000000,False,False,False,False,1,0,"2,4"
IF-easy-18ac34e8,easy,1,0.600000,0.600000,0.600000,True,False,False,False,0,0,3
IF-medium-6ba67924,medium,2,0.500000,1.000000,0.000000,True,True,True,True,0,0,"0,1"
IF-medium-66590346,medium,2,0.500000,1.000000,0.000000,True,False,False,False,1,1,"1,3"
IF-hard-13de9765,hard,3,0.500000,1.000000,0.000000,True,True,True,True,0,0,"0,1,2"
IF-medium-1ae960ff,medium,2,0.500000,1.000000,0.000000,True,True,True,True,0,0,"1,2"
IF-hard-4e3db4fc,hard,3,0.500000,0.000000,1.000000,False,False,False,False,3,0,"0,3,4"
IF-easy-6694c9ac,easy,1,0.600000,0.600000,0.600000,True,False,False,False,0,0,3
IF-medium-3d00e2df,medium,2,0.500000,0.000000,1.000000,False,False,False,False,1,0,"1,2"
IF-easy-5b006306,easy,1,0.600000,0.600000,0.600000,True,False,False,False,0,0,1
IF-easy-156848b5,easy,1,0.600000,0.600000,0.600000,True,False,False,False,0,0,2
IF-medium-1487020b,medium,2,0.500000,0.000000,1.000000,False,False,False,False,1,0,"3,4"
IF-easy-0148d345,easy,1,0.600000,0.600000,0.600000,True,False,False,False,0,0,3
IF-medium-2f8e4530,medium,2,0.500000,1.000000,0.000000,True,True,True,True,0,0,"2,4"
IF-medium-0747fedb,medium,2,0.500000,1.000000,0.000000,True,False,False,False,1,1,"1,3"
IF-hard-3ecdc7de,hard,3,0.500000,1.000000,0.000000,True,False,False,False,3,3,"0,3,5"
IF-easy-3d83153d,easy,1,0.600000,0.600000,0.600000,True,False,False,False,0,0,3
IF-hard-09f78003,hard,3,0.500000,1.000000,0.000000,True,False,False,False,3,3,"2,3,5"
IF-medium-0cbea736,medium,2,0.500000,1.000000,0.000000,True,True,True,True,0,0,"0,3"
IF-easy-4e2f72d7,easy,1,0.600000,0.600000,0.600000,True,False,False,False,0,0,1
IF-medium-016fa668,medium,2,0.500000,1.000000,0.000000,True,False,False,False,1,1,"2,3"
IF-hard-34c778f6,hard,3,0.500000,1.000000,0.000000,True,False,True,False,2,2,"2,3,4"
IF-easy-00e1d03c,easy,1,0.600000,0.600000,0.600000,True,False,False,False,0,0,2
IF-medium-01c8cc5a,medium,2,0.500000,0.000000,1.000000,False,False,False,False,1,0,"0,3"
IF-medium-4f318c3b,medium,2,0.500000,1.000000,0.000000,True,False,False,False,1,1,"3,4"
IF-easy-2aaa5484,easy,1,0.600000,0.600000,0.600000,True,False,False,False,0,0,1
IF-easy-63da311e,easy,1,0.600000,0.600000,0.600000,True,False,False,False,0,0,1
IF-hard-32646b02,hard,3,0.500000,1.000000,0.000000,True,True,True,True,0,0,"3,4,5"
IF-easy-716f9b5a,easy,1,0.600000,0.600000,0.600000,True,False,False,False,0,0,0
IF-hard-16217d5d,hard,3,0.500000,1.000000,0.000000,True,True,True,True,0,0,"1,3,5"
IF-hard-6e4d5cd1,hard,3,0.500000,1.000000,0.000000,True,False,False,False,3,3,"1,2,3"
IF-hard-7e176cff,hard,3,0.500000,0.666667,0.333333,False,False,False,False,3,2,"0,2,5"
IF-easy-193ca149,easy,1,0.600000,0.600000,0.600000,True,False,False,False,0,0,1
IF-medium-56533d0b,medium,2,0.500000,1.000000,0.000000,True,True,True,True,0,0,"2,4"
IF-easy-59fa6405,easy,1,0.600000,0.600000,0.600000,True,False,False,False,0,0,2
IF-hard-2da41fd1,hard,3,0.500000,0.333333,0.666667,False,False,False,False,3,1,"1,4,5"
IF-hard-3eac036d,hard,3,0.500000,0.000000,1.000000,False,False,False,False,3,0,"0,1,4"
IF-medium-0b7db2ae,medium,2,0.500000,1.000000,0.000000,True,True,True,True,0,0,"1,2"
IF-medium-14eb3424,medium,2,0.500000,1.000000,0.000000,True,True,True,True,0,0,"0,2"
IF-hard-236792a3,hard,3,0.500000,1.000000,0.000000,True,True,True,True,0,0,"1,2,5"
IF-easy-6b2e5289,easy,1,0.600000,0.600000,0.600000,True,False,False,False,0,0,1
IF-hard-70bdce0d,hard,3,0.500000,1.000000,0.000000,True,False,True,False,2,2,"0,4,5"
IF-medium-0ad0f54a,medium,2,0.500000,0.000000,1.000000,False,False,False,False,1,0,"0,3"
IF-easy-17f41019,easy,1,0.600000,0.600000,0.600000,True,False,False,False,0,0,1
IF-easy-2656685e,easy,1,0.600000,0.600000,0.600000,True,False,False,False,0,0,3
IF-medium-73025d79,medium,2,0.500000,1.000000,0.000000,True,True,True,False,0,0,"0,1"
IF-medium-797a3321,medium,2,0.500000,0.000000,1.000000,False,False,False,False,1,0,"1,2"
IF-hard-0536845a,hard,3,0.500000,0.333333,0.666667,False,False,False,False,3,1,"1,2,5"
IF-hard-56d4c78e,hard,3,0.500000,1.000000,0.000000,True,True,True,True,0,0,"3,4,5"
IF-hard-7fb6b90e,hard,3,0.500000,1.000000,0.000000,True,False,True,False,2,2,"0,2,5"
IF-medium-2c5bfd2d,medium,2,0.500000,0.000000,1.000000,False,False,False,False,1,0,"2,4"
IF-hard-2b67d132,hard,3,0.500000,1.000000,0.000000,True,False,True,False,2,2,"0,1,3"
IF-medium-342aff74,medium,2,0.500000,1.000000,0.000000,True,False,False,False,1,1,"1,4"
IF-medium-114a6df1,medium,2,0.500000,0.000000,1.000000,False,False,False,False,1,0,"0,4"
IF-medium-30b5e455,medium,2,0.500000,1.000000,0.000000,True,True,True,True,0,0,"1,4"
IF-medium-3257444b,medium,2,0.500000,1.000000,0.000000,True,True,True,True,0,0,"2,3"
IF-medium-7dc4a41a,medium,2,0.500000,1.000000,0.000000,True,True,True,True,0,0,"3,4"
IF-hard-0fb8c0f7,hard,3,0.500000,0.666667,0.333333,False,False,True,False,2,1,"1,4,5"
IF-easy-20ffea30,easy,1,0.600000,0.600000,0.600000,True,False,False,False,0,0,2
IF-medium-7c96d85d,medium,2,0.500000,1.000000,0.000000,True,False,False,False,1,1,"0,3"
IF-medium-19cb1b74,medium,2,0.500000,0.000000,1.000000,False,False,False,False,1,0,"0,2"
IF-medium-6b647a22,medium,2,0.500000,1.000000,0.000000,True,True,True,True,0,0,"1,3"
IF-easy-1f7d36f4,easy,1,0.600000,0.600000,0.600000,True,False,False,False,0,0,1
IF-easy-5e2898e9,easy,1,0.600000,0.600000,0.600000,True,False,False,False,0,0,0
IF-medium-1eb4d0b5,medium,2,0.500000,0.000000,1.000000,False,False,False,False,1,0,"2,3"
IF-easy-22a5efaa,easy,1,0.600000,0.600000,0.600000,True,False,False,False,0,0,0
IF-hard-1b2fe63c,hard,3,0.500000,1.000000,0.000000,True,True,True,True,0,0,"0,4,5"
IF-hard-4ac063e4,hard,3,0.500000,1.000000,0.000000,True,True,True,True,0,0,"1,4,5"
IF-easy-7d2c2228,easy,1,0.600000,0.600000,0.600000,True,False,False,False,0,0,0
IF-medium-05ed4d8b,medium,2,0.500000,1.000000,0.000000,True,False,False,False,1,1,"1,2"
IF-easy-67117c5b,easy,1,0.600000,0.600000,0.600000,True,False,False,False,0,0,2
IF-medium-78867d77,medium,2,0.500000,1.000000,0.000000,True,True,True,True,0,0,"0,2"
IF-hard-573f5156,hard,3,0.500000,0.333333,0.666667,False,False,False,False,3,1,"2,3,4"
IF-medium-506423b0,medium,2,0.500000,1.000000,0.000000,True,True,True,True,0,0,"1,2"
IF-medium-42814275,medium,2,0.500000,0.000000,1.000000,False,False,False,False,1,0,"1,3"
IF-hard-50671993,hard,3,0.500000,1.000000,0.000000,True,True,True,True,0,0,"0,1,5"
IF-hard-0e78bc1f,hard,3,0.500000,0.000000,1.000000,False,False,False,False,3,0,"2,3,4"
IF-easy-6c4e7f0f,easy,1,0.600000,0.600000,0.600000,True,False,False,False,0,0,3
IF-hard-65303843,hard,3,0.500000,0.666667,0.333333,False,False,True,False,2,1,"2,3,4"
IF-medium-3ad4f748,medium,2,0.500000,1.000000,0.000000,True,True,True,True,0,0,"0,3"
IF-easy-546c34da,easy,1,0.600000,0.600000,0.600000,True,False,False,False,0,0,3
IF-hard-18ad80a2,hard,3,0.500000,0.666667,0.333333,False,False,True,False,2,1,"2,3,5"
IF-medium-6508e380,medium,2,0.500000,0.000000,1.000000,False,False,False,False,1,0,"2,3"
IF-hard-7f9354a5,hard,3,0.500000,1.000000,0.000000,True,False,True,False,2,2,"0,4,5"
IF-medium-6a372c37,medium,2,0.500000,1.000000,0.000000,True,True,True,True,0,0,"0,2"
IF-easy-2585b4ac,easy,1,0.600000,0.600000,0.600000,True,False,False,False,0,0,0
IF-medium-510a72f2,medium,2,0.500000,1.000000,0.000000,True,False,False,False,1,1,"0,3"
IF-medium-76be0529,medium,2,0.500000,1.000000,0.000000,True,True,True,True,0,0,"2,3"
IF-hard-3229b8f5,hard,3,0.500000,1.000000,0.000000,True,True,True,True,0,0,"1,3,5"
IF-hard-413aa6db,hard,3,0.500000,1.000000,0.000000,True,True,True,True,0,0,"1,2,4"
IF-easy-17526ffb,easy,1,0.600000,0.600000,0.600000,True,False,False,False,0,0,1
IF-medium-235cd8a8,medium,2,0.500000,1.000000,0.000000,True,True,True,True,0,0,"0,2"
IF-medium-4427aa3d,medium,2,0.500000,1.000000,0.000000,True,False,False,False,1,1,"2,3"
IF-medium-1e607c39,medium,2,0.500000,1.000000,0.000000,True,True,True,True,0,0,"1,4"
IF-medium-748743d0,medium,2,0.500000,0.000000,1.000000,False,False,False,False,1,0,"3,4"
IF-medium-2939f987,medium,2,0.500000,1.000000,0.000000,True,False,False,False,1,1,"2,4"
IF-medium-60457424,medium,2,0.500000,1.000000,0.000000,True,True,True,True,0,0,"0,4"
IF-medium-43fcedc7,medium,2,0.500000,1.000000,0.000000,True,True,True,True,0,0,"1,4"
IF-easy-39643523,easy,1,0.600000,0.600000,0.600000,True,False,False,False,0,0,0
IF-easy-681dce2f,easy,1,0.600000,0.600000,0.600000,True,False,False,False,0,0,1
IF-hard-6543e129,hard,3,0.500000,1.000000,0.000000,True,True,True,True,0,0,"2,4,5"
IF-medium-26c5a8a4,medium,2,0.500000,1.000000,0.000000,True,True,True,True,0,0,"1,2"
IF-hard-2b81adc7,hard,3,0.500000,0.333333,0.666667,False,False,True,False,2,0,"0,1,2"
IF-medium-065cee66,medium,2,0.500000,1.000000,0.000000,True,False,False,False,1,1,"2,4"
IF-medium-2c800adf,medium,2,0.500000,1.000000,0.000000,True,False,False,False,1,1,"1,2"
IF-hard-03cc22ae,hard,3,0.500000,0.333333,0.666667,False,False,True,False,2,0,"0,2,5"
IF-hard-225602af,hard,3,0.500000,1.000000,0.000000,True,True,True,True,0,0,"1,3,5"
IF-easy-4f644d14,easy,1,0.600000,0.600000,0.600000,True,False,False,False,0,0,3
IF-medium-2782f16f,medium,2,0.500000,1.000000,0.000000,True,False,False,False,1,1,"2,3"
IF-easy-279e445a,easy,1,0.600000,0.600000,0.600000,True,False,False,False,0,0,2
IF-medium-06ea2fdf,medium,2,0.500000,1.000000,0.000000,True,True,True,True,0,0,"0,3"
IF-easy-4b491c63,easy,1,0.600000,0.600000,0.600000,True,False,False,False,0,0,3
IF-medium-22d33a28,medium,2,0.500000,1.000000,0.000000,True,False,False,False,1,1,"1,4"
IF-easy-674a600d,easy,1,0.600000,0.600000,0.600000,True,False,False,False,0,0,0
IF-medium-29c3667b,medium,2,0.500000,0.000000,1.000000,False,False,False,False,1,0,"1,4"
IF-medium-3942af94,medium,2,0.500000,1.000000,0.000000,True,True,True,True,0,0,"0,3"
IF-medium-77926540,medium,2,0.500000,0.000000,1.000000,False,False,False,False,1,0,"1,2"
IF-easy-06767941,easy,1,0.600000,0.600000,0.600000,True,False,False,False,0,0,1
IF-easy-5d64fbd6,easy,1,0.600000,0.600000,0.600000,True,False,False,False,0,0,0
IF-easy-0b4f40f8,easy,1,0.600000,0.600000,0.600000,True,False,False,False,0,0,1
IF-hard-61d188cf,hard,3,0.500000,0.666667,0.333333,False,False,True,False,2,1,"0,2,4"
IF-easy-0f6a7678,easy,1,0.600000,0.600000,0.600000,True,False,False,False,0,0,2
IF-medium-1ebdef01,medium,2,0.500000,1.000000,0.000000,True,True,True,True,0,0,"3,4"
IF-hard-732192d7,hard,3,0.500000,1.000000,0.000000,True,True,True,True,0,0,"0,1,3"
IF-easy-02cfd0d7,easy,1,0.600000,0.600000,0.600000,True,False,False,False,0,0,1
IF-easy-4c733916,easy,1,0.600000,0.600000,0.600000,True,False,False,False,0,0,3
IF-medium-1f44a464,medium,2,0.500000,1.000000,0.000000,True,True,True,True,0,0,"1,4"
IF-hard-50145f2e,hard,3,0.500000,0.666667,0.333333,False,False,False,False,3,2,"0,2,4"
IF-medium-1ed7b74c,medium,2,0.500000,1.000000,0.000000,True,False,False,False,1,1,"0,2"
IF-medium-766a6563,medium,2,0.500000,1.000000,0.000000,True,False,False,False,1,1,"1,2"
IF-easy-0df73189,easy,1,0.600000,0.600000,0.600000,True,False,False,False,0,0,1
IF-hard-1af17ef8,hard,3,0.500000,1.000000,0.000000,True,False,True,False,2,2,"0,1,2"
IF-medium-3bbb50db,medium,2,0.500000,1.000000,0.000000,True,True,True,False,0,0,"2,4"
IF-hard-3b248797,hard,3,0.500000,1.000000,0.000000,True,True,True,True,0,0,"0,1,2"
IF-easy-24a9248d,easy,1,0.600000,0.600000,0.600000,True,False,False,False,0,0,0
IF-medium-57c9906a,medium,2,0.500000,1.000000,0.000000,True,True,True,True,0,0,"0,1"
IF-medium-2d9330e3,medium,2,0.500000,0.000000,1.000000,False,False,False,False,1,0,"1,3"
IF-medium-62546623,medium,2,0.500000,1.000000,0.000000,True,True,True,True,0,0,"0,1"
IF-hard-5d4e4502,hard,3,0.500000,0.666667,0.333333,False,False,True,False,2,1,"2,4,5"
IF-hard-6fe4d1be,hard,3,0.500000,1.000000,0.000000,True,False,True,False,2,2,"1,2,3"
IF-medium-31d0cb0b,medium,2,0.500000,1.000000,0.000000,True,True,True,True,0,0,"2,4"
IF-medium-7879e9ec,medium,2,0.500000,1.000000,0.000000,True,True,True,True,0,0,"0,4"
IF-hard-23e50a50,hard,3,0.500000,0.333333,0.666667,False,False,True,False,2,0,"0,2,5"
IF-hard-77c036b8,hard,3,0.500000,1.000000,0.000000,True,True,True,True,0,0,"0,3,5"
IF-medium-655ad021,medium,2,0.500000,0.000000,1.000000,False,False,False,False,1,0,"0,4"
IF-medium-0868aaac,medium,2,0.500000,1.000000,0.000000,True,True,True,True,0,0,"0,1"
IF-easy-222f5772,easy,1,0.600000,0.600000,0.600000,True,False,False,False,0,0,3
IF-medium-187324f1,medium,2,0.500000,0.000000,1.000000,False,False,False,False,1,0,"0,4"
IF-medium-671ea94e,medium,2,0.500000,1.000000,0.000000,True,False,False,False,1,1,"1,2"
IF-medium-1bf44e4e,medium,2,0.500000,1.000000,0.000000,True,False,False,False,1,1,"3,4"
IF-hard-2cc32538,hard,3,0.500000,1.000000,0.000000,True,False,True,False,2,2,"0,1,3"
IF-medium-18041c88,medium,2,0.500000,0.000000,1.000000,False,False,False,False,1,0,"3,4"
IF-hard-30bd4ef3,hard,3,0.500000,1.000000,0.000000,True,True,True,True,0,0,"3,4,5"
IF-medium-5870b39f,medium,2,0.500000,1.000000,0.000000,True,False,False,False,1,1,"0,4"
IF-medium-66cb6afd,medium,2,0.500000,0.000000,1.000000,False,False,False,False,1,0,"0,4"
IF-medium-0f959565,medium,2,0.500000,1.000000,0.000000,True,True,True,True,0,0,"1,4"
IF-medium-74be6188,medium,2,0.500000,1.000000,0.000000,True,False,False,False,1,1,"2,4"
IF-medium-0ab75179,medium,2,0.500000,1.000000,0.000000,True,True,True,True,0,0,"0,1"
IF-easy-05171c9e,easy,1,0.600000,0.600000,0.600000,True,False,False,False,0,0,0
IF-medium-2a9ccf28,medium,2,0.500000,1.000000,0.000000,True,True,True,True,0,0,"3,4"
IF-medium-20cbc7fb,medium,2,0.500000,0.000000,1.000000,False,False,False,False,1,0,"0,2"
IF-hard-3698f584,hard,3,0.500000,0.666667,0.333333,False,False,True,False,2,1,"2,4,5"
IF-hard-6793a1bf,hard,3,0.500000,1.000000,0.000000,True,True,True,True,0,0,"1,2,3"
IF-medium-6481a0ff,medium,2,0.500000,1.000000,0.000000,True,False,False,False,1,1,"1,2"
IF-medium-559a9dc1,medium,2,0.500000,0.000000,1.000000,False,False,False,False,1,0,"0,1"
IF-medium-3460a1c1,medium,2,0.500000,0.000000,1.000000,False,False,False,False,1,0,"0,1"
IF-easy-42992891,easy,1,0.600000,0.600000,0.600000,True,False,False,False,0,0,2
IF-easy-38b17cfc,easy,1,0.600000,0.600000,0.600000,True,False,False,False,0,0,3
IF-easy-206009c3,easy,1,0.600000,0.600000,0.600000,True,False,False,False,0,0,1
IF-medium-7d9fb37d,medium,2,0.500000,0.000000,1.000000,False,False,False,False,1,0,"2,4"
IF-hard-4badd9bd,hard,3,0.500000,0.666667,0.333333,False,False,True,False,2,1,"1,2,3"
IF-medium-653af492,medium,2,0.500000,1.000000,0.000000,True,True,True,True,0,0,"0,2"
IF-easy-51899e26,easy,1,0.600000,0.600000,0.600000,True,False,False,False,0,0,0
IF-medium-5210ab6c,medium,2,0.500000,1.000000,0.000000,True,True,True,True,0,0,"1,3"
IF-hard-08b49515,hard,3,0.500000,1.000000,0.000000,True,True,True,True,0,0,"3,4,5"
IF-hard-10d38f3a,hard,3,0.500000,0.333333,0.666667,False,False,True,False,2,0,"0,1,5"
IF-hard-338cf060,hard,3,0.500000,1.000000,0.000000,True,True,True,True,0,0,"0,1,2"
IF-medium-5ca6841b,medium,2,0.500000,0.000000,1.000000,False,False,False,False,1,0,"0,2"
IF-medium-1e827e53,medium,2,0.500000,1.000000,0.000000,True,True,True,True,0,0,"1,2"
IF-hard-0d608925,hard,3,0.500000,0.000000,1.000000,False,False,False,False,3,0,"0,2,4"
IF-hard-0d846e8a,hard,3,0.500000,1.000000,0.000000,True,True,True,True,0,0,"0,1,5"
IF-medium-6f94b298,medium,2,0.500000,1.000000,0.000000,True,True,True,True,0,0,"2,4"
IF-medium-31950fec,medium,2,0.500000,0.000000,1.000000,False,False,False,False,1,0,"0,1"
IF-medium-7c093b65,medium,2,0.500000,1.000000,0.000000,True,True,True,True,0,0,"1,3"
IF-medium-122fe7d7,medium,2,0.500000,1.000000,0.000000,True,False,False,False,1,1,"1,3"
IF-medium-797b7ae1,medium,2,0.500000,1.000000,0.000000,True,False,False,False,1,1,"2,3"
IF-hard-1295fbb6,hard,3,0.500000,0.666667,0.333333,False,False,True,False,2,1,"0,3,4"
IF-medium-1fb9ec2c,medium,2,0.500000,1.000000,0.000000,True,True,True,True,0,0,"2,4"
IF-medium-2b46d493,medium,2,0.500000,0.000000,1.000000,False,False,False,False,1,0,"0,2"
IF-medium-4523831c,medium,2,0.500000,1.000000,0.000000,True,False,False,False,1,1,"3,4"
IF-medium-39f755bd,medium,2,0.500000,0.000000,1.000000,False,False,False,False,1,0,"3,4"
IF-medium-3c46bfff,medium,2,0.500000,0.000000,1.000000,False,False,False,False,1,0,"1,2"
IF-medium-5dac4e95,medium,2,0.500000,0.000000,1.000000,False,False,False,False,1,0,"2,3"
IF-medium-129cede3,medium,2,0.500000,1.000000,0.000000,True,True,True,True,0,0,"3,4"
IF-easy-6af0fe58,easy,1,0.600000,0.600000,0.600000,True,False,False,False,0,0,0
IF-hard-56b9fb96,hard,3,0.500000,0.333333,0.666667,False,False,True,False,2,0,"1,3,4"
IF-easy-5dfe5373,easy,1,0.600000,0.600000,0.600000,True,False,False,False,0,0,1
IF-medium-090cea68,medium,2,0.500000,0.000000,1.000000,False,False,False,False,1,0,"1,3"
IF-easy-680ac095,easy,1,0.600000,0.600000,0.600000,True,False,False,False,0,0,0
IF-medium-041433c0,medium,2,0.500000,0.000000,1.000000,False,False,False,False,1,0,"0,1"
IF-medium-1af842e7,medium,2,0.500000,0.000000,1.000000,False,False,False,False,1,0,"2,3"
IF-medium-5324c967,medium,2,0.500000,1.000000,0.000000,True,False,False,False,1,1,"1,2"
IF-medium-40f313bd,medium,2,0.500000,0.000000,1.000000,False,False,False,False,1,0,"0,3"
IF-hard-37bca623,hard,3,0.500000,0.666667,0.333333,False,False,False,False,3,2,"1,3,5"
IF-medium-1bba7726,medium,2,0.500000,1.000000,0.000000,True,True,True,True,0,0,"2,3"
IF-medium-630c9a7f,medium,2,0.500000,1.000000,0.000000,True,True,True,True,0,0,"0,2"
IF-medium-13849d7a,medium,2,0.500000,1.000000,0.000000,True,True,True,True,0,0,"1,3"
IF-easy-0ab2b401,easy,1,0.600000,0.600000,0.600000,True,False,False,False,0,0,2
IF-hard-31c7718d,hard,3,0.500000,1.000000,0.000000,True,True,True,True,0,0,"0,1,2"
IF-easy-0668d65a,easy,1,0.600000,0.600000,0.600000,True,False,False,False,0,0,2
IF-hard-2509c8bc,hard,3,0.500000,0.666667,0.333333,False,False,False,False,3,2,"0,3,5"
IF-easy-2d4cf6bb,easy,1,0.600000,0.600000,0.600000,True,False,False,False,0,0,2
IF-medium-59cebc9e,medium,2,0.500000,0.000000,1.000000,False,False,False,False,1,0,"2,3"
IF-hard-0072d757,hard,3,0.500000,1.000000,0.000000,True,False,True,False,2,2,"1,4,5"
IF-hard-280fca93,hard,3,0.500000,1.000000,0.000000,True,True,True,True,0,0,"0,2,4"
IF-medium-1bd78510,medium,2,0.500000,1.000000,0.000000,True,True,True,True,0,0,"2,4"
IF-hard-5abfb8b9,hard,3,0.500000,1.000000,0.000000,True,False,True,False,2,2,"2,4,5"
IF-medium-2889ec58,medium,2,0.500000,0.000000,1.000000,False,False,False,False,1,0,"3,4"
IF-medium-0079cce7,medium,2,0.500000,1.000000,0.000000,True,True,True,True,0,0,"0,2"
IF-hard-5e2d7001,hard,3,0.500000,0.666667,0.333333,False,False,False,False,3,2,"0,3,5"
IF-hard-1e29d18f,hard,3,0.500000,1.000000,0.000000,True,True,True,True,0,0,"1,2,4"
IF-medium-158a59ae,medium,2,0.500000,1.000000,0.000000,True,False,False,False,1,1,"3,4"
IF-medium-45bde68c,medium,2,0.500000,1.000000,0.000000,True,True,True,True,0,0,"0,4"
IF-medium-231f6054,medium,2,0.500000,1.000000,0.000000,True,True,True,True,0,0,"1,2"
IF-hard-402916b9,hard,3,0.500000,0.333333,0.666667,False,False,True,False,2,0,"0,4,5"
IF-hard-1de712f2,hard,3,0.500000,1.000000,0.000000,True,False,True,False,2,2,"2,3,5"
IF-medium-3614bd8c,medium,2,0.500000,1.000000,0.000000,True,True,True,True,0,0,"0,4"
IF-hard-49f4b627,hard,3,0.500000,1.000000,0.000000,True,False,True,False,2,2,"1,3,4"
IF-hard-1db1c57f,hard,3,0.500000,0.333333,0.666667,False,False,True,False,2,0,"1,2,3"
IF-hard-048184a1,hard,3,0.500000,0.666667,0.333333,False,False,True,False,2,1,"0,1,4"
IF-medium-221d0935,medium,2,0.500000,1.000000,0.000000,True,True,True,True,0,0,"1,4"
IF-medium-36d25533,medium,2,0.500000,1.000000,0.000000,True,False,False,False,1,1,"2,3"
IF-easy-67173277,easy,1,0.600000,0.600000,0.600000,True,False,False,False,0,0,1
IF-hard-10d8fcc5,hard,3,0.500000,1.000000,0.000000,True,False,True,False,2,2,"1,2,4"
IF-medium-3a2337aa,medium,2,0.500000,0.000000,1.000000,False,False,False,False,1,0,"1,2"
IF-medium-5ffc9515,medium,2,0.500000,1.000000,0.000000,True,True,True,True,0,0,"0,4"
IF-medium-21cff16d,medium,2,0.500000,1.000000,0.000000,True,False,False,False,1,1,"2,3"
IF-hard-1d244a60,hard,3,0.500000,1.000000,0.000000,True,False,True,False,2,2,"0,1,2"
IF-medium-21789974,medium,2,0.500000,1.000000,0.000000,True,False,False,False,1,1,"2,4"
IF-easy-2f4d8725,easy,1,0.600000,0.600000,0.600000,True,False,False,False,0,0,3
IF-medium-2ccb3e39,medium,2,0.500000,1.000000,0.000000,True,False,False,False,1,1,"1,2"
IF-medium-3752354b,medium,2,0.500000,1.000000,0.000000,True,True,True,True,0,0,"0,3"
IF-medium-60a4dfe8,medium,2,0.500000,0.000000,1.000000,False,False,False,False,1,0,"0,1"
IF-medium-346ae6ac,medium,2,0.500000,1.000000,0.000000,True,True,True,True,0,0,"0,2"
IF-medium-7d29d3de,medium,2,0.500000,0.000000,1.000000,False,False,False,False,1,0,"1,2"
IF-hard-76cb4473,hard,3,0.500000,0.666667,0.333333,False,False,True,False,2,1,"3,4,5"
IF-easy-7c4b70e3,easy,1,0.600000,0.600000,0.600000,True,False,False,False,0,0,3
IF-medium-6549e208,medium,2,0.500000,1.000000,0.000000,True,False,False,False,1,1,"0,2"
IF-medium-0bccd4e8,medium,2,0.500000,1.000000,0.000000,True,False,False,False,1,1,"1,3"
IF-medium-4a036731,medium,2,0.500000,0.000000,1.000000,False,False,False,False,1,0,"0,1"
IF-medium-030e0bc2,medium,2,0.500000,0.000000,1.000000,False,False,False,False,1,0,"0,4"
IF-medium-5c0dc65c,medium,2,0.500000,1.000000,0.000000,True,True,True,True,0,0,"1,3"
IF-hard-4e0f95f6,hard,3,0.500000,1.000000,0.000000,True,True,True,True,0,0,"0,1,3"
IF-easy-2bdf8ee3,easy,1,0.600000,0.600000,0.600000,True,False,False,False,0,0,3
IF-medium-4943e768,medium,2,0.500000,1.000000,0.000000,True,False,False,False,1,1,"0,2"
IF-hard-6330721b,hard,3,0.500000,0.000000,1.000000,False,False,False,False,3,0,"2,4,5"
IF-medium-5334c85f,medium,2,0.500000,1.000000,0.000000,True,False,False,False,1,1,"0,1"
IF-medium-4970b145,medium,2,0.500000,1.000000,0.000000,True,False,False,False,1,1,"1,2"
IF-medium-26ffc9c4,medium,2,0.500000,1.000000,0.000000,True,False,False,False,1,1,"3,4"
IF-easy-41869c53,easy,1,0.600000,0.600000,0.600000,True,False,False,False,0,0,3
IF-medium-23ed2232,medium,2,0.500000,1.000000,0.000000,True,True,True,True,0,0,"3,4"
IF-medium-727f0a0e,medium,2,0.500000,1.000000,0.000000,True,False,False,False,1,1,"0,2"
IF-easy-6e325744,easy,1,0.600000,0.600000,0.600000,True,False,False,False,0,0,3
IF-medium-44d9fa0e,medium,2,0.500000,0.000000,1.000000,False,False,False,False,1,0,"0,3"
IF-medium-12085a34,medium,2,0.500000,1.000000,0.000000,True,False,False,False,1,1,"2,4"
IF-hard-28182bc0,hard,3,0.500000,1.000000,0.000000,True,True,True,True,0,0,"1,2,3"
IF-medium-7d7f7fc9,medium,2,0.500000,0.000000,1.000000,False,False,False,False,1,0,"1,2"
IF-hard-4f780c0c,hard,3,0.500000,1.000000,0.000000,True,False,True,False,2,2,"0,1,3"
IF-medium-414f008e,medium,2,0.500000,0.000000,1.000000,False,False,False,False,1,0,"0,3"
IF-hard-71d072cc,hard,3,0.500000,1.000000,0.000000,True,True,True,True,0,0,"2,4,5"
IF-medium-67670efb,medium,2,0.500000,0.000000,1.000000,False,False,False,False,1,0,"1,3"
IF-medium-66aded6c,medium,2,0.500000,0.000000,1.000000,False,False,False,False,1,0,"1,4"
IF-medium-0a1ce627,medium,2,0.500000,1.000000,0.000000,True,False,False,False,1,1,"1,3"
IF-easy-46a23551,easy,1,0.600000,0.600000,0.600000,True,False,False,False,0,0,1
IF-medium-778f582c,medium,2,0.500000,1.000000,0.000000,True,False,False,False,1,1,"0,2"
IF-medium-16945d89,medium,2,0.500000,1.000000,0.000000,True,True,True,True,0,0,"1,2"
IF-hard-39525c17,hard,3,0.500000,1.000000,0.000000,True,True,True,True,0,0,"0,2,3"
IF-medium-3a413e41,medium,2,0.500000,1.000000,0.000000,True,True,True,True,0,0,"3,4"
IF-hard-642a0954,hard,3,0.500000,0.333333,0.666667,False,False,False,False,3,1,"0,2,3"
IF-hard-0d2acb88,hard,3,0.500000,1.000000,0.000000,True,True,True,True,0,0,"2,3,4"
IF-easy-5c8c17b6,easy,1,0.600000,0.600000,0.600000,True,False,False,False,0,0,0
IF-medium-572d18ba,medium,2,0.500000,1.000000,0.000000,True,True,True,True,0,0,"1,2"
IF-easy-056b1e7f,easy,1,0.600000,0.600000,0.600000,True,False,False,False,0,0,3
IF-hard-48de81d9,hard,3,0.500000,1.000000,0.000000,True,True,True,True,0,0,"1,2,4"
IF-medium-64e29db4,medium,2,0.500000,0.000000,1.000000,False,False,False,False,1,0,"3,4"
IF-easy-5d501d99,easy,1,0.600000,0.600000,0.600000,True,False,False,False,0,0,1
IF-easy-7410285c,easy,1,0.600000,0.600000,0.600000,True,False,False,False,0,0,0
IF-medium-02c038ec,medium,2,0.500000,1.000000,0.000000,True,True,True,True,0,0,"0,4"
IF-easy-69bfc7f8,easy,1,0.600000,0.600000,0.600000,True,False,False,False,0,0,3
IF-easy-0c4f086a,easy,1,0.600000,0.600000,0.600000,True,False,False,False,0,0,1
IF-medium-5677cd38,medium,2,0.500000,1.000000,0.000000,True,False,False,False,1,1,"1,4"
IF-medium-6d59166a,medium,2,0.500000,1.000000,0.000000,True,False,False,False,1,1,"0,4"
IF-hard-43d3dacd,hard,3,0.500000,1.000000,0.000000,True,True,True,True,0,0,"1,4,5"
IF-hard-38543fa3,hard,3,0.500000,0.666667,0.333333,False,False,False,False,3,2,"1,3,5"
IF-medium-3a705789,medium,2,0.500000,1.000000,0.000000,True,False,False,False,1,1,"1,2"
IF-hard-340d60b0,hard,3,0.500000,0.666667,0.333333,False,False,False,False,3,2,"1,3,5"
IF-hard-77322a6b,hard,3,0.500000,1.000000,0.000000,True,False,True,False,2,2,"0,1,2"
IF-medium-2aac2048,medium,2,0.500000,1.000000,0.000000,True,False,False,False,1,1,"1,2"
IF-hard-6381c7fb,hard,3,0.500000,0.666667,0.333333,False,False,True,False,2,1,"0,1,5"
IF-medium-7bf155f7,medium,2,0.500000,1.000000,0.000000,True,True,True,True,0,0,"2,4"
IF-medium-76f1e944,medium,2,0.500000,1.000000,0.000000,True,True,True,True,0,0,"2,4"
IF-hard-1bf91d0b,hard,3,0.500000,1.000000,0.000000,True,False,True,False,2,2,"0,1,4"
IF-medium-02999872,medium,2,0.500000,0.000000,1.000000,False,False,False,False,1,0,"2,3"
IF-medium-66ba35c9,medium,2,0.500000,1.000000,0.000000,True,True,True,False,0,0,"0,3"
IF-medium-48052efd,medium,2,0.500000,1.000000,0.000000,True,True,True,True,0,0,"1,2"
IF-medium-412ec952,medium,2,0.500000,0.000000,1.000000,False,False,False,False,1,0,"1,4"
IF-hard-494cf9f6,hard,3,0.500000,1.000000,0.000000,True,True,True,True,0,0,"0,2,3"
IF-easy-6646e6b9,easy,1,0.600000,0.600000,0.600000,True,False,False,False,0,0,1
IF-hard-4e1e9051,hard,3,0.500000,1.000000,0.000000,True,True,True,True,0,0,"1,3,4"
IF-easy-0b79fcc1,easy,1,0.600000,0.600000,0.600000,True,False,False,False,0,0,2
IF-hard-3e7aabbf,hard,3,0.500000,0.333333,0.666667,False,False,True,False,2,0,"1,3,4"
IF-hard-75a68684,hard,3,0.500000,0.666667,0.333333,False,False,True,False,2,1,"1,2,5"
IF-medium-2db505be,medium,2,0.500000,1.000000,0.000000,True,True,True,True,0,0,"0,2"
IF-medium-06d06459,medium,2,0.500000,1.000000,0.000000,True,True,True,True,0,0,"0,2"
IF-hard-50398848,hard,3,0.500000,0.666667,0.333333,False,False,False,False,3,2,"0,2,5"
IF-medium-6ac8daf0,medium,2,0.500000,0.000000,1.000000,False,False,False,False,1,0,"1,3"
IF-medium-3e8159a0,medium,2,0.500000,1.000000,0.000000,True,False,False,False,1,1,"1,3"
IF-easy-20a21cf1,easy,1,0.600000,0.600000,0.600000,True,False,False,False,0,0,0
