set,x,y,n,pearson_r,pearson_p,spearman_rho,spearman_p,boot_valid,pearson_ci_lo,pearson_ci_hi,spearman_ci_lo,spearman_ci_hi
n=16,objective,executive,16,-0.804806,0.000170,-0.544118,0.029336,10000,-0.965558,-0.487582,-0.862687,0.001499
n=16,objective,B,16,-0.804327,0.000172,-0.761765,0.000605,10000,-0.917841,-0.715852,-0.883760,-0.466862
n=16,objective,B_abs,16,0.763824,0.000573,0.711765,0.001984,10000,0.145090,0.986133,0.168405,0.997024
n=16,objective,executive_abs,16,-0.640460,0.007523,-0.438235,0.089530,10000,-0.915507,-0.252274,-0.808518,0.141184
n=16,objective,final_abs,16,0.999376,0.000000,1.000000,0.000000,10000,0.998657,0.999777,1.000000,1.000000
n=16,objective,frac_alt_beats_noop,16,0.791371,0.000260,0.729412,0.001343,10000,0.409187,0.965856,0.280354,0.973333
n=15 excl. Gemini 2.5 Pro,objective,executive,15,-0.799774,0.000345,-0.475000,0.073571,10000,-0.964879,-0.452932,-0.812500,0.113553
n=15 excl. Gemini 2.5 Pro,objective,B,15,-0.799162,0.000351,-0.742857,0.001509,10000,-0.918545,-0.694282,-0.877034,-0.382353
n=15 excl. Gemini 2.5 Pro,objective,B_abs,15,0.760983,0.000985,0.692857,0.004190,10000,0.059835,0.990464,0.144424,0.996357
n=15 excl. Gemini 2.5 Pro,objective,executive_abs,15,-0.633927,0.011156,-0.353571,0.196072,10000,-0.914689,-0.217809,-0.727285,0.262216
n=15 excl. Gemini 2.5 Pro,objective,final_abs,15,0.999360,0.000000,1.000000,0.000000,10000,0.998449,0.999775,1.000000,1.000000
n=15 excl. Gemini 2.5 Pro,objective,frac_alt_beats_noop,15,0.785133,0.000525,0.703571,0.003424,10000,0.357642,0.963646,0.222413,0.963237
