variant,set,x,y,n,pearson_r,pearson_p,spearman_rho,spearman_p,boot_valid,pearson_ci_lo,pearson_ci_hi,spearman_ci_lo,spearman_ci_hi,pearson_fisher_lo,pearson_fisher_hi,paper
valid_only,n=16,objective,calibration,16,-0.381010,0.145391,-0.232353,0.386511,10000,-0.746246,0.099635,-0.709639,0.336337,-0.737436,0.141402,"r=-0.38, p=0.15"
valid_only,n=16,objective,attention,16,-0.595825,0.014869,-0.242826,0.364839,10000,-0.880597,0.204050,-0.727136,0.375311,-0.842650,-0.142084,
valid_only,n=16,objective,executive,16,-0.804806,0.000170,-0.544118,0.029336,10000,-0.965558,-0.487582,-0.862687,0.001499,-0.929636,-0.514266,"r=-0.81, rho=-0.54, p=0.002 (Sec 6.4); r=-0.80 (Fig 3 caption)"
valid_only,n=16,calibration,attention,16,0.252731,0.344977,-0.054452,0.841256,10000,-0.406551,0.596102,-0.592043,0.500000,-0.277773,0.665111,
valid_only,n=16,calibration,executive,16,0.349404,0.184668,0.376471,0.150648,10000,-0.137045,0.722228,-0.129541,0.720729,-0.176949,0.720345,"r=+0.35, p=0.19"
valid_only,n=16,attention,executive,16,0.467121,0.068112,0.151582,0.575207,10000,-0.196462,0.816841,-0.397302,0.631978,-0.037197,0.781798,"r=+0.47, p=0.076"
valid_only,n=15 excl. Gemini 2.5 Pro,objective,calibration,15,-0.481403,0.069238,-0.325000,0.237225,10000,-0.821240,-0.098660,-0.790245,0.246386,-0.797098,0.040961,"r=-0.38, p=0.15"
valid_only,n=15 excl. Gemini 2.5 Pro,objective,attention,15,-0.608210,0.016143,-0.210903,0.450544,10000,-0.905056,0.282687,-0.722641,0.436781,-0.854303,-0.139369,
valid_only,n=15 excl. Gemini 2.5 Pro,objective,executive,15,-0.799774,0.000345,-0.475000,0.073571,10000,-0.964879,-0.452932,-0.812500,0.113553,-0.930724,-0.487056,"r=-0.81, rho=-0.54, p=0.002 (Sec 6.4); r=-0.80 (Fig 3 caption)"
valid_only,n=15 excl. Gemini 2.5 Pro,calibration,attention,15,0.262021,0.345481,-0.005362,0.984869,10000,-0.359172,0.591998,-0.586957,0.556666,-0.289038,0.682655,
valid_only,n=15 excl. Gemini 2.5 Pro,calibration,executive,15,0.443798,0.097497,0.467857,0.078630,10000,-0.029405,0.778595,-0.042051,0.778182,-0.088609,0.778969,"r=+0.35, p=0.19"
valid_only,n=15 excl. Gemini 2.5 Pro,attention,executive,15,0.477062,0.072155,0.132261,0.638442,10000,-0.258969,0.865347,-0.442633,0.628742,-0.046585,0.795034,"r=+0.47, p=0.076"
missing_as_zero,n=16,objective,calibration,16,0.237785,0.375186,0.002941,0.991375,10000,-0.406273,0.566194,-0.581615,0.547650,-0.292384,0.656149,"r=-0.38, p=0.15"
missing_as_zero,n=16,objective,attention,16,0.127621,0.637634,0.181016,0.502282,10000,-0.552512,0.629111,-0.402102,0.736327,-0.392943,0.586240,
missing_as_zero,n=16,objective,executive,16,-0.564147,0.022827,-0.250000,0.350391,10000,-0.911358,-0.042566,-0.687514,0.421710,-0.828236,-0.095012,"r=-0.81, rho=-0.54, p=0.002 (Sec 6.4); r=-0.80 (Fig 3 caption)"
missing_as_zero,n=16,calibration,attention,16,0.809170,0.000147,0.526858,0.036005,10000,0.235621,0.938217,-0.010530,0.878158,0.523409,0.931315,
missing_as_zero,n=16,calibration,executive,16,0.418944,0.106274,0.450000,0.080296,10000,0.000680,0.711572,-0.094465,0.805389,-0.096881,0.757365,"r=+0.35, p=0.19"
missing_as_zero,n=16,attention,executive,16,0.455573,0.076170,0.447388,0.082284,10000,0.016512,0.795364,-0.042192,0.801187,-0.051840,0.776028,"r=+0.47, p=0.076"
missing_as_zero,n=15 excl. Gemini 2.5 Pro,objective,calibration,15,-0.015161,0.957233,-0.210714,0.450958,10000,-0.564828,0.324602,-0.670961,0.338156,-0.523359,0.500993,"r=-0.38, p=0.15"
missing_as_zero,n=15 excl. Gemini 2.5 Pro,objective,attention,15,-0.170348,0.543863,0.005362,0.984869,10000,-0.679371,0.479872,-0.509373,0.641893,-0.627825,0.374604,
missing_as_zero,n=15 excl. Gemini 2.5 Pro,objective,executive,15,-0.731694,0.001932,-0.371429,0.172850,10000,-0.948303,-0.364093,-0.759563,0.280638,-0.904814,-0.350988,"r=-0.81, rho=-0.54, p=0.002 (Sec 6.4); r=-0.80 (Fig 3 caption)"
missing_as_zero,n=15 excl. Gemini 2.5 Pro,calibration,attention,15,0.609863,0.015778,0.425380,0.113937,10000,0.101620,0.842165,-0.135172,0.841727,0.141945,0.855011,
missing_as_zero,n=15 excl. Gemini 2.5 Pro,calibration,executive,15,0.325904,0.235847,0.403571,0.135768,10000,-0.116444,0.675794,-0.166065,0.794120,-0.223706,0.718255,"r=+0.35, p=0.19"
missing_as_zero,n=15 excl. Gemini 2.5 Pro,attention,executive,15,0.378651,0.163994,0.382485,0.159419,10000,-0.162008,0.796565,-0.142476,0.787025,-0.165765,0.746179,"r=+0.47, p=0.076"
common_instances,n=16,objective,calibration,16,-0.412133,0.112680,-0.405882,0.118792,10000,-0.765111,0.060793,-0.776786,0.119415,-0.753833,0.105029,"r=-0.38, p=0.15"
common_instances,n=16,objective,attention,16,-0.578860,0.018802,-0.326728,0.216776,10000,-0.874467,0.300781,-0.783757,0.349457,-0.834974,-0.116617,
common_instances,n=16,objective,executive,16,-0.802961,0.000180,-0.547059,0.028301,10000,-0.967078,-0.478804,-0.873684,0.008931,-0.928924,-0.510418,"r=-0.81, rho=-0.54, p=0.002 (Sec 6.4); r=-0.80 (Fig 3 caption)"
common_instances,n=16,calibration,attention,16,0.282661,0.288802,-0.023562,0.930978,10000,-0.375807,0.617530,-0.502629,0.476837,-0.247760,0.682707,
common_instances,n=16,calibration,executive,16,0.357799,0.173621,0.435294,0.091952,10000,-0.126411,0.731215,-0.059185,0.764166,-0.167639,0.724929,"r=+0.35, p=0.19"
common_instances,n=16,attention,executive,16,0.450469,0.079943,0.322015,0.223869,10000,-0.260236,0.787548,-0.201442,0.709684,-0.058242,0.773461,"r=+0.47, p=0.076"
common_instances,n=15 excl. Gemini 2.5 Pro,objective,calibration,15,-0.512802,0.050617,-0.525000,0.044484,10000,-0.834323,-0.154105,-0.840587,-0.042036,-0.811811,-0.000731,"r=-0.38, p=0.15"
common_instances,n=15 excl. Gemini 2.5 Pro,objective,attention,15,-0.605937,0.016654,-0.337017,0.219312,10000,-0.910193,0.302130,-0.792760,0.382474,-0.853328,-0.135838,
common_instances,n=15 excl. Gemini 2.5 Pro,objective,executive,15,-0.797845,0.000365,-0.482143,0.068750,10000,-0.966803,-0.444181,-0.825455,0.129330,-0.930008,-0.482978,"r=-0.81, rho=-0.54, p=0.002 (Sec 6.4); r=-0.80 (Fig 3 caption)"
common_instances,n=15 excl. Gemini 2.5 Pro,calibration,attention,15,0.264058,0.341606,0.011621,0.967212,10000,-0.422125,0.592564,-0.474635,0.489994,-0.287031,0.683822,
common_instances,n=15 excl. Gemini 2.5 Pro,calibration,executive,15,0.456431,0.087233,0.528571,0.042797,10000,-0.012393,0.787767,0.033445,0.818533,-0.072870,0.785122,"r=+0.35, p=0.19"
common_instances,n=15 excl. Gemini 2.5 Pro,attention,executive,15,0.476338,0.072650,0.329269,0.230760,10000,-0.252260,0.843233,-0.198072,0.720633,-0.047520,0.794689,"r=+0.47, p=0.076"
